,Image,MJD,Filter,Exptime,Object_RA,Object_Dec,Image_target,Telescope/Instrument,MetaData,Datalink,targetname,datetime_str,datetime_jd,M1,M2,k1,k2,phasecoeff,solar_presence,lunar_presence,RA,DEC,RA_app,DEC_app,RA_rate,DEC_rate,AZ,EL,AZ_rate,EL_rate,sat_X,sat_Y,sat_PANG,siderealtime,airmass,magextinct,Tmag,Nmag,illumination,illum_defect,sat_sep,sat_vis,ang_width,PDObsLon,PDObsLat,PDSunLon,PDSunLat,SubSol_ang,SubSol_dist,NPole_ang,NPole_dist,EclLon,EclLat,r,r_rate,delta,delta_rate,lighttime,vel_sun,vel_obs,elong,elongFlag,alpha,lunar_elong,lunar_illum,sat_alpha,sunTargetPA,velocityPA,OrbPlaneAng,constellation,TDB-UT,ObsEclLon,ObsEclLat,NPole_RA,NPole_DEC,GlxLon,GlxLat,solartime,earth_lighttime,RA_3sigma,DEC_3sigma,SMAA_3sigma,SMIA_3sigma,Theta_3sigma,Area_3sigma,RSS_3sigma,r_3sigma,r_rate_3sigma,SBand_3sigma,XBand_3sigma,DoppDelay_3sigma,true_anom,hour_angle,alpha_true,PABLon,PABLat,Limiting,Saturation
4,frame-g-001862-5-0115,51866.2174107,g,54,43.4090150492873,-7.08578260169166,frame-g-001862-5-0115,SDSS,http://data.sdss3.org/sas/dr9/boss/photoObj/frames/301/1862/5/frame-g-001862-5-0115.fits.bz2,,NEAT (C/2004 D1),2000-Nov-22 05:08:17.696,2451870.714093704,8.5,10.6,8.0,5.0,0.03,,,43.152126953,-7.080195574,43.164045521,-7.077696279,-9.47924,0.397704,,,,,557945.189,47212.28,150.319,,999,,23.125,21.881,99.96552,,536606.6,*,,,,,,207.82,0.0,,,40.041367,-21.043116,13.670937406,-9.092076,12.8145049286253,1.2919325,106.5749877,11.4044538,24.5276723,149.0574,/T,2.1246,151.8,14.701,28.8212,27.938,211.15,0.10427,Eri,64.182891,38.4069402,-22.5245969,,,183.626407,-54.961476,,0.0,0.733,1.171,1.358,0.252,58.971,1.0766112,1.381,16159.08,0.0001568,3.7,13.46,0.107802,254.3837,,2.1279,39.2212,-21.7859,23.3,14.0
9,frame-g-001886-5-0117,51874.1865334,g,54,42.9021093680915,-7.06463886260554,frame-g-001886-5-0117,SDSS,http://data.sdss3.org/sas/dr9/boss/photoObj/frames/301/1886/5/frame-g-001886-5-0117.fits.bz2,,NEAT (C/2004 D1),2000-Nov-27 05:08:17.696,2451875.714093704,8.5,10.6,8.0,5.0,0.03,,,42.838482389,-7.059053703,42.850426038,-7.05675343,-9.17929,0.873536,,,,,535476.472,50834.164,142.365,,999,,23.119,21.885,99.95772,,523212.4,*,,,,,,214.93,0.0,,,40.108527,-20.987993,13.64467652121,-9.0959082,12.8216385879368,3.6319964,106.63431653,11.4154876,24.09317,145.3368,/T,2.3528,135.1,1.5747,32.3143,35.021,210.791,-0.17361,Eri,64.183002,38.0944148,-22.4067175,,,183.257909,-55.191505,,0.0,0.739,1.166,1.357,0.252,58.589,1.0743842,1.381,16061.6441,0.0001564,3.56,12.96,0.107152,254.4668,,2.3563,39.0993,-21.7004,23.3,14.0
14,frame-g-002570-3-0286,52170.4634607,g,54,50.9625249467376,-0.199167348697179,frame-g-002570-3-0286,SDSS,http://data.sdss3.org/sas/dr9/boss/photoObj/frames/301/2570/3/frame-g-002570-3-0286.fits.bz2,,NEAT (C/2004 D1),2000-Dec-02 05:08:17.696,2451880.714093704,8.5,10.6,8.0,5.0,0.03,,,42.536617257,-7.021890972,42.548633098,-7.019718933,-8.78042,1.35769,,,,,513495.81,53916.339,135.604,,999,,23.115,21.891,99.94874,,508600.2,*,,,,,,220.75,0.0,,,40.175896,-20.932633,13.61840477666,-9.099736,12.835370747176,5.8568427,106.74852342,11.4265575,23.7091279,141.2778,/T,2.5911,78.6,31.9579,36.1357,40.82,210.428,-0.44963,Eri,64.183121,37.7998373,-22.2769238,,,182.87643,-55.401429,,0.0,0.745,1.16,1.356,0.251,58.215,1.0706819,1.379,15968.0787,0.000156,3.41,12.39,0.106528,254.5503,,2.5946,38.9862,-21.6089,23.3,14.0
19,frame-g-002578-3-0150,52171.4003647,g,54,50.9319711614708,-0.21307209664443,frame-g-002578-3-0150,SDSS,http://data.sdss3.org/sas/dr9/boss/photoObj/frames/301/2578/3/frame-g-002578-3-0150.fits.bz2,,NEAT (C/2004 D1),2000-Dec-07 05:08:17.696,2451885.714093704,8.5,10.6,8.0,5.0,0.03,,,42.249710729,-6.968554268,42.261608933,-6.966554936,-8.292,1.842872,,,,,492106.328,56421.004,129.763,,999,,23.112,21.897,99.93888,,493139.6,*,,,,,,225.57,0.0,,,40.243475,-20.877032,13.59212217456,-9.103559,12.855331774418,7.9428296,106.91453422,11.4376633,23.3886985,136.9832,/T,2.8297,23.4,78.9956,40.1921,45.628,210.066,-0.72119,Eri,64.183244,37.5262301,-22.1361392,,,182.485596,-55.588607,,0.0,0.751,1.153,1.353,0.251,57.851,1.0655403,1.376,15878.7735,0.0001556,3.24,11.78,0.105932,254.6341,,2.8332,38.8837,-21.5119,23.3,14.0
24,frame-g-002579-3-0101,52171.4738759,g,54,50.9295177251707,-0.214166596733376,frame-g-002579-3-0101,SDSS,http://data.sdss3.org/sas/dr9/boss/photoObj/frames/301/2579/3/frame-g-002579-3-0101.fits.bz2,,NEAT (C/2004 D1),2000-Dec-12 05:08:17.696,2451890.714093704,8.5,10.6,8.0,5.0,0.03,,,41.98059315,-6.899114162,41.992466722,-6.897286677,-7.72498,2.323154,,,,,471379.027,58318.116,124.629,,999,,23.109,21.904,99.92847,,477086.8,*,,,,,,229.64,0.0,,,40.311264,-20.82119,13.56582871616,-9.1073772,12.8811006576312,9.8787053,107.12884749,11.4488051,23.1469982,132.5241,/T,3.0617,57.1,98.9759,44.4198,49.681,209.709,-0.9859,Eri,64.183373,37.2767502,-21.9853986,,,182.089154,-55.750846,,0.0,0.755,1.145,1.349,0.25,57.5,1.0590161,1.372,15794.0471,0.0001552,3.06,11.14,0.105367,254.7182,,3.065,38.793,-21.4099,23.3,14.0
29,frame-g-002591-3-0068,52173.4476739,g,54,50.8612127124249,-0.243699766108363,frame-g-002591-3-0068,SDSS,http://data.sdss3.org/sas/dr9/boss/photoObj/frames/301/2591/3/frame-g-002591-3-0068.fits.bz2,,NEAT (C/2004 D1),2000-Dec-17 05:08:17.696,2451895.714093704,8.5,10.6,8.0,5.0,0.03,,,41.731770074,-6.813785269,41.743623732,-6.812046682,-7.08585,2.796138,,,,,451349.913,59586.59,120.049,,999,,23.108,21.912,99.91786,,460616.6,*,,,,,,233.12,0.0,,,40.379265,-20.765105,13.53952440324,-9.11119,12.9122456979145,11.665898,107.38787289,11.4599829,22.9942857,127.9491,/T,3.2815,126.9,59.1631,48.7756,53.159,209.36,-1.24154,Eri,64.183507,37.0537088,-21.8257752,,,181.690859,-55.88633,,0.0,0.758,1.137,1.344,0.249,57.164,1.0511769,1.366,15714.1604,0.0001549,2.88,10.46,0.104834,254.8026,,3.2846,38.7155,-21.3033,23.3,14.0
38,frame-g-002700-1-0184,52224.3477929,g,54,47.7556927396,-0.833241438036111,frame-g-002700-1-0184,SDSS,http://data.sdss3.org/sas/dr9/boss/photoObj/frames/301/2700/1/frame-g-002700-1-0184.fits.bz2,,NEAT (C/2004 D1),2000-Dec-26 05:08:17.696,2451904.714093704,8.5,10.6,8.0,5.0,0.03,,,41.342673338,-6.621091801,41.354241194,-6.619638953,-5.75974,3.620058,,,,,417085.783,60241.948,112.885,,999,,23.107,21.926,99.89938,,430301.7,*,,,,,,238.35,0.0,,,40.502205,-20.663534,13.4921492932,-9.1180387,12.9803826800025,14.4470011,107.95455089,11.4801935,22.9166974,119.5283,/T,3.633,114.8,0.2227,56.8456,58.376,208.766,-1.67195,Eri,64.18376,36.7258374,-21.5196169,,,180.981706,-56.057571,,0.0,0.761,1.12,1.331,0.247,56.606,1.0339974,1.354,15583.3086,0.0001544,2.52,9.17,0.103961,254.9554,,3.6355,38.6127,-21.1017,23.3,14.0
39,frame-g-002700-1-0185,52224.3482075,g,54,47.7556612300001,-0.833242785486109,frame-g-002700-1-0185,SDSS,http://data.sdss3.org/sas/dr9/boss/photoObj/frames/301/2700/1/frame-g-002700-1-0185.fits.bz2,,NEAT (C/2004 D1),2000-Dec-27 05:08:17.696,2451905.714093704,8.5,10.6,8.0,5.0,0.03,,,41.304553204,-6.596666594,41.316104964,-6.595231159,-5.60016,3.708259,,,,,413418.844,60184.657,112.161,,999,,23.107,21.928,99.89744,,426899.3,*,,,,,,238.87,0.0,,,40.515908,-20.6522,13.48688322187,-9.1187984,12.9888049080357,14.716115,108.02459642,11.4824463,22.9226261,118.5831,/T,3.6678,103.4,2.0068,57.7559,58.891,208.703,-1.717,Eri,64.183788,36.6956947,-21.484344,,,180.904336,-56.070558,,0.0,0.761,1.118,1.33,0.247,56.548,1.0318636,1.352,15569.8346,0.0001544,2.48,9.02,0.103871,254.9724,,3.6703,38.6044,-21.0786,23.3,14.0
44,frame-g-002709-2-0186,52225.3130634,g,54,47.6823060929836,-0.836222035461103,frame-g-002709-2-0186,SDSS,http://data.sdss3.org/sas/dr9/boss/photoObj/frames/301/2709/2/frame-g-002709-2-0186.fits.bz2,,NEAT (C/2004 D1),2001-Jan-01 05:08:17.696,2451910.714093704,8.5,10.6,8.0,5.0,0.03,,,41.130408315,-6.465881996,41.141761035,-6.464545599,-4.77332,4.135783,,,,,395487.065,59509.868,108.739,,999,,23.108,21.935,99.88831,,409830.3,*,,,,,,241.3,0.0,,,40.584552,-20.595376,13.46054635459,-9.1225933,13.0331115482249,15.932874,108.39308351,11.4937321,22.9965144,113.8417,/T,3.8281,46.8,33.4478,62.3374,61.322,208.403,-1.93271,Cet,64.183932,36.5646022,-21.3049712,,,180.524122,-56.11681,,0.0,0.761,1.107,1.321,0.246,56.272,1.0205865,1.344,15505.7242,0.0001541,2.28,8.29,0.103443,255.0577,,3.8303,38.5727,-20.9616,23.3,14.0
49,frame-g-002738-1-0232,52234.3024358,g,54,47.0000459742086,-0.840205833544452,frame-g-002738-1-0232,SDSS,http://data.sdss3.org/sas/dr9/boss/photoObj/frames/301/2738/1/frame-g-002738-1-0232.fits.bz2,,NEAT (C/2004 D1),2001-Jan-06 05:08:17.696,2451915.714093704,8.5,10.6,8.0,5.0,0.03,,,40.984719809,-6.321262884,40.995784406,-6.320079748,-3.9084,4.537707,,,,,378188.929,58196.839,105.622,,999,,23.109,21.943,99.8803,,392707.5,*,,,,,,243.53,0.0,,,40.653414,-20.538302,13.43419863617,-9.1263815,13.0806186452236,16.932731,108.78818799,11.5050541,23.1467882,109.0854,/T,3.9636,25.6,82.2544,66.9585,63.545,208.126,-2.13144,Cet,64.184075,36.4671108,-21.1215151,,,180.157661,-56.131609,,0.0,0.761,1.096,1.311,0.245,56.019,1.0083835,1.334,15447.061,0.000154,2.08,7.56,0.103052,255.1434,,3.9654,38.5578,-20.8422,23.3,14.0
54,frame-g-002820-2-0168,52261.260865,g,54,45.1628462760419,-0.564420375833398,frame-g-002820-2-0168,SDSS,http://data.sdss3.org/sas/dr9/boss/photoObj/frames/301/2820/2/frame-g-002820-2-0168.fits.bz2,,NEAT (C/2004 D1),2001-Jan-11 05:08:17.696,2451920.714093704,8.5,10.6,8.0,5.0,0.03,,,40.868534472,-6.163708893,40.879513321,-6.162575914,-3.01754,4.911864,,,,,361455.458,56266.095,102.793,,999,,23.11,21.95,99.87364,,375573.9,*,,,,,,245.59,0.0,,,40.722493,-20.480978,13.40784006739,-9.1301629,13.1307087074829,17.7244798,109.20477434,11.5164125,23.3814439,104.3261,/T,4.0729,94.5,97.1551,71.609,65.609,207.875,-2.31181,Cet,64.184217,36.4041872,-20.9352023,,,179.808289,-56.114864,,0.0,0.759,1.085,1.301,0.244,55.79,0.9953772,1.324,15393.8027,0.0001538,1.89,6.85,0.102696,255.2294,,4.0743,38.5602,-20.7211,23.3,14.0
59,frame-g-002856-3-0109,52282.1932822,g,54,44.2157274376416,-0.0398434511888356,frame-g-002856-3-0109,SDSS,http://data.sdss3.org/sas/dr9/boss/photoObj/frames/301/2856/3/frame-g-002856-3-0109.fits.bz2,,NEAT (C/2004 D1),2001-Jan-28 05:08:17.696,2451937.714093704,8.5,10.6,8.0,5.0,0.03,,,40.703529272,-5.543655846,40.713568011,-5.542760176,0.143436,5.972314,,,,,307648.861,45486.127,95.251,,999,,23.117,21.971,99.86329,,317603.3,*,,,,,,251.89,0.0,,,40.959014,-20.284172,13.31813980423,-9.1429656,13.3123372044774,18.8467952,110.71533248,11.5553038,24.7364026,88.2231,/T,4.238,49.4,11.7869,87.5477,71.905,207.239,-2.77322,Cet,64.184684,36.4501992,-20.2953172,,,178.786105,-55.824993,,0.0,0.745,1.044,1.26,0.239,55.208,0.9467073,1.282,15251.7867,0.0001536,1.29,4.7,0.101749,255.5241,,4.2379,38.6988,-20.3037,23.3,14.0
68,frame-g-002861-3-0079,52283.1251929,g,54,44.1866660960376,-0.0106223262139178,frame-g-002861-3-0079,SDSS,http://data.sdss3.org/sas/dr9/boss/photoObj/frames/301/2861/3/frame-g-002861-3-0079.fits.bz2,,NEAT (C/2004 D1),2001-Feb-15 05:08:17.696,2451955.714093704,8.5,10.6,8.0,5.0,0.03,,,40.919882878,-4.780404853,40.928815868,-4.779647021,3.407545,6.678631,,,,,253328.184,28350.758,90.862,,999,,23.123,21.981,99.87439,,257517.7,*,,,,,,258.22,0.0,,,41.21227,-20.072529,13.22302655869,-9.1564029,13.5027515273208,17.3754212,112.29896012,11.5969318,26.7931971,71.5327,/T,4.0638,154.5,49.394,104.4131,78.236,206.971,-2.98354,Cet,64.185108,36.9262739,-19.6411244,,,178.049964,-55.151402,,0.0,0.721,1.0,1.21,0.234,54.941,0.8915979,1.233,15160.0891,0.0001537,0.89,3.24,0.101137,255.8402,,4.0621,39.0611,-19.8693,23.3,14.0
69,frame-g-002861-3-0080,52283.1256075,g,54,44.1866536753126,-0.0106091165972765,frame-g-002861-3-0080,SDSS,http://data.sdss3.org/sas/dr9/boss/photoObj/frames/301/2861/3/frame-g-002861-3-0080.fits.bz2,,NEAT (C/2004 D1),2001-Feb-16 05:08:17.696,2451956.714093704,8.5,10.6,8.0,5.0,0.03,,,40.94325575,-4.735790425,40.952137975,-4.735038315,3.581203,6.705834,,,,,250329.974,27268.152,90.734,,999,,23.123,21.981,99.8756,,254233.3,*,,,,,,258.59,0.0,,,41.226426,-20.060671,13.21773838422,-9.1571451,13.5127432175527,17.2225724,112.38205847,11.5992582,26.9238729,70.6204,/T,4.0442,143.8,39.4801,105.3451,78.599,206.968,-2.98666,Cet,64.185129,36.9647681,-19.6062584,,,178.020453,-55.104045,,0.0,0.72,0.998,1.208,0.234,54.936,0.8885249,1.23,15156.4868,0.0001537,0.88,3.19,0.101113,255.8579,,4.0425,39.0873,-19.8458,23.3,14.0
74,frame-g-002886-4-0203,52288.1374375,g,54,44.0515285104167,0.154709998263937,frame-g-002886-4-0203,SDSS,http://data.sdss3.org/sas/dr9/boss/photoObj/frames/301/2886/4/frame-g-002886-4-0203.fits.bz2,,NEAT (C/2004 D1),2001-Mar-02 05:08:17.696,2451970.714093704,8.5,10.6,8.0,5.0,0.03,,,41.388028226,-4.096573957,41.396065432,-4.095818348,5.874136,6.948395,,,,,208199.118,11106.543,90.36,,999,,23.124,21.978,99.89758,,209001.8,*,,,,,,264.07,0.0,,,41.42558,-19.893538,13.14365871193,-9.1674908,13.6411702046288,14.3115475,113.45015315,11.6319878,28.8101864,58.0561,/T,3.6707,27.6,40.744,118.2832,84.083,207.06,-2.93676,Eri,64.185384,37.6247141,-19.1406133,,,177.734593,-54.344608,,0.0,0.696,0.965,1.167,0.231,54.996,0.8462017,1.19,15119.2884,0.0001541,0.78,2.85,0.100865,256.1072,,3.6679,39.5159,-19.5268,23.3,14.0
204,c4d_140606_031942_opi_r_v1.fits.fz 08e35c47b7c3e686bc1ecbd5c1266d4d,56814.1375205871,r,100,249.216489990382,-33.0986652526157,kp1814,CTIO-4m/DECam,https://astroarchive.noirlab.edu/api/retrieve/08e35c47b7c3e686bc1ecbd5c1266d4d,,NEAT (C/2004 D1),2003-Mar-24 05:08:17.696,2452722.714093704,8.5,10.6,8.0,5.0,0.03,,,50.422328236,12.353056173,50.458748164,12.363053159,11.66171,8.19314,,,,,171209.973,40000.202,74.521,,999,,21.098,20.466,99.831,,174338.9,*,,,,,,260.54,0.0,,,55.987611,-6.337537,9.07548926787,-9.4124623,9.7063090952795,12.5376815,80.7249112,13.9985017,30.5592256,48.4275,/T,4.7158,148.2,59.6477,126.8959,80.52,207.031,-3.59143,Ari,64.185613,51.3024336,-5.9242308,,,170.54555,-36.273727,,0.0,0.4,0.498,0.599,0.223,53.324,0.4194286,0.639,8023.6927,0.0001274,1.14,4.15,0.053528,275.6297,,4.7121,53.6249,-6.1367,23.7,16.0
205,c4d_140606_072153_opi_r_v1.fits.fz 506087127d7a8989368613cce6629329,56814.305684226,r,100,249.207051806149,-33.0984597192793,kp1814,CTIO-4m/DECam,https://astroarchive.noirlab.edu/api/retrieve/506087127d7a8989368613cce6629329,,NEAT (C/2004 D1),2003-Mar-25 05:08:17.696,2452723.714093704,8.5,10.6,8.0,5.0,0.03,,,50.502521425,12.40774626,50.538950224,12.417735011,11.84057,8.209821,,,,,168193.512,38779.867,74.613,,999,,21.098,20.464,99.83541,,171114.5,*,,,,,,260.7,0.0,,,56.014422,-6.310726,9.070053515293,-9.4118558,9.71346344140456,12.2355092,80.78441208,14.0026863,30.735506,47.5318,/T,4.6539,134.7,48.6273,127.8534,80.685,207.091,-3.5519,Ari,64.185618,51.3925797,-5.8912733,,,170.571663,-36.180607,,0.0,0.398,0.497,0.596,0.223,53.372,0.4170073,0.636,8018.4102,0.0001274,1.14,4.14,0.053493,275.6674,,4.6502,53.6833,-6.1067,23.7,16.0
206,c4d_140623_020551_opi_r_v1.fits.fz 43a8d54dcca8d8762b44b1f121874ac3,56831.0861831426,r,100,248.297923629203,-33.0547711664931,kp1814,CTIO-4m/DECam,https://astroarchive.noirlab.edu/api/retrieve/43a8d54dcca8d8762b44b1f121874ac3,,NEAT (C/2004 D1),2003-Mar-26 05:08:17.696,2452724.714093704,8.5,10.6,8.0,5.0,0.03,,,50.583944212,12.462545099,50.620378367,12.472529759,12.01699,8.225669,,,,,165175.08,37562.108,74.714,,999,,21.097,20.463,99.83984,,167896.4,*,,,,,,260.87,0.0,,,56.041263,-6.283882,9.064618108851,-9.4112445,9.72044175108332,11.9281079,80.84244891,14.0068746,30.9115817,46.6379,/T,4.591,121.5,37.9613,128.8104,80.853,207.152,-3.51142,Ari,64.185622,51.4838816,-5.8584699,,,170.598672,-36.086596,,0.0,0.396,0.495,0.594,0.222,53.422,0.4146027,0.634,8013.153,0.0001274,1.14,4.14,0.053458,275.7051,,4.5872,53.7424,-6.0767,23.7,16.0
207,c4d_140627_014912_opi_VR_v1.fits.fz ce2f5740bfa52d420375f5fb6a254c29,56835.074644386,VR,100,248.096785207505,-33.0383390607504,kp1714,CTIO-4m/DECam,https://astroarchive.noirlab.edu/api/retrieve/ce2f5740bfa52d420375f5fb6a254c29,,NEAT (C/2004 D1),2003-Mar-27 05:08:17.696,2452725.714093704,8.5,10.6,8.0,5.0,0.03,,,50.666580274,12.517447046,50.703010555,12.527429131,12.19088,8.24066,,,,,162154.8,36347.26,74.826,,999,,21.097,20.461,99.84428,,164684.4,*,,,,,,261.04,0.0,,,56.068134,-6.257003,9.059183051216,-9.4106284,9.72724101615738,11.6155254,80.89899668,14.0110663,31.0872802,45.7457,/T,4.5269,108.6,28.0948,129.7667,81.024,207.214,-3.47001,Ari,64.185626,51.5763156,-5.82582,,,170.626562,-35.991708,,0.0,0.395,0.493,0.591,0.222,53.474,0.412215,0.631,8007.9196,0.0001274,1.14,4.14,0.053423,275.743,,4.523,53.8021,-6.0468,22.0,16.0
208,c4d_140627_060635_opi_VR_v1.fits.fz 39dbe3f805695e4faf4ccd238bc45a7d,56835.2533798941,VR,100,248.087989931044,-33.0375546104648,kp1714,CTIO-4m/DECam,https://astroarchive.noirlab.edu/api/retrieve/39dbe3f805695e4faf4ccd238bc45a7d,,NEAT (C/2004 D1),2003-Mar-28 05:08:17.696,2452726.714093704,8.5,10.6,8.0,5.0,0.03,,,50.750412736,12.572446327,50.786826854,12.582424748,12.36217,8.254779,,,,,159132.806,35135.663,74.949,,999,,21.096,20.459,99.84874,,161478.6,*,,,,,,261.22,0.0,,,56.095034,-6.230092,9.053748345066,-9.4100075,9.73385826641028,11.297844,80.95403067,14.0152616,31.2624474,44.8552,/T,4.4618,96.0,19.3802,130.7224,81.2,207.277,-3.42768,Ari,64.18563,51.66986,-5.7933232,,,170.655316,-35.895958,,0.0,0.393,0.491,0.589,0.222,53.527,0.4098446,0.629,8002.7081,0.0001274,1.14,4.14,0.053388,275.7808,,4.4578,53.8623,-6.0169,22.0,16.0
209,c4d_140629_020941_opi_VR_v1.fits.fz 229c74b9af4319d7e5affb7607c7e3b5,56837.0888422868,VR,100,247.998307798281,-33.0293403383442,kp1714,CTIO-4m/DECam,https://astroarchive.noirlab.edu/api/retrieve/229c74b9af4319d7e5affb7607c7e3b5,,NEAT (C/2004 D1),2003-Mar-29 05:08:17.696,2452727.714093704,8.5,10.6,8.0,5.0,0.03,,,50.8354242,12.627537055,50.871809499,12.637508595,12.53078,8.268008,,,,,156109.245,33927.657,75.082,,999,,21.095,20.457,99.8532,,158278.9,*,,,,,,261.4,0.0,,,56.121964,-6.203146,9.048313993095,-9.4093818,9.74029058753124,10.9751738,81.00752665,14.0194605,31.4369478,43.9664,/T,4.3956,83.5,12.0897,131.6774,81.379,207.342,-3.38445,Ari,64.185633,51.7644953,-5.7609789,,,170.684918,-35.79936,,0.0,0.391,0.49,0.586,0.221,53.582,0.4074918,0.627,7997.5171,0.0001274,1.14,4.14,0.053354,275.8187,,4.3916,53.9231,-5.9871,22.0,16.0
210,c4d_150304_083651_opi_VR_v1.fits.fz 8c99b603d0fdb53dbee123f510140536,57085.3574833981,VR,150,254.352666428993,-34.5439815445367,kp2013,CTIO-4m/DECam,https://astroarchive.noirlab.edu/api/retrieve/8c99b603d0fdb53dbee123f510140536,,NEAT (C/2004 D1),2003-Mar-30 05:08:17.696,2452728.714093704,8.5,10.6,8.0,5.0,0.03,,,50.921596791,12.682713262,50.957942581,12.692673313,12.69666,8.280338,,,,,153084.27,32723.584,75.226,,999,,21.095,20.456,99.85766,,155085.5,*,,,,,,261.58,0.0,,,56.148923,-6.176167,9.042879998009,-9.4087512,9.74653513535324,10.647647,81.05946097,14.0236628,31.610663,43.0793,/T,4.3283,71.3,6.425,132.6317,81.562,207.407,-3.34031,Ari,64.185636,51.8602042,-5.7287868,,,170.715351,-35.70193,,0.0,0.389,0.488,0.584,0.221,53.639,0.4051567,0.624,7992.3447,0.0001274,1.14,4.14,0.053319,275.8567,,4.3243,53.9845,-5.9574,22.0,16.0
211,c4d_150304_083950_opi_VR_v1.fits.fz cd92849bb426b75854249aa0657e5841,57085.3595540974,VR,150,254.352683080867,-34.5440141005313,kp2013,CTIO-4m/DECam,https://astroarchive.noirlab.edu/api/retrieve/cd92849bb426b75854249aa0657e5841,,NEAT (C/2004 D1),2003-Mar-31 05:08:17.696,2452729.714093704,8.5,10.6,8.0,5.0,0.03,,,51.008912199,12.737968911,51.04521146,12.747912338,12.85974,8.291759,,,,,150058.04,31523.789,75.382,,999,,21.094,20.454,99.86212,,151898.2,*,,,,,,261.77,0.0,,,56.175911,-6.149154,9.037446362531,-9.4081157,9.75258914730011,10.3154132,81.10981065,14.0278687,31.7834908,42.1939,/T,4.2601,59.2,2.5233,133.5853,81.75,207.474,-3.2953,Tau,64.185638,51.9569704,-5.6967461,,,170.746598,-35.603683,,0.0,0.387,0.486,0.581,0.221,53.697,0.4028398,0.622,7987.1894,0.0001274,1.14,4.14,0.053285,275.8947,,4.256,54.0464,-5.9277,22.0,16.0
212,c4d_170420_062827_opi_i_v1.fits.fz 1dec2806034251e13bb572e41d3eb223,57863.2690081398,i,30,257.087891498344,-38.6062199711913,DECaPS_12093_i,CTIO-4m/DECam,https://astroarchive.noirlab.edu/api/retrieve/1dec2806034251e13bb572e41d3eb223,,NEAT (C/2004 D1),2003-Apr-01 05:08:17.696,2452730.714093704,8.5,10.6,8.0,5.0,0.03,,,51.097351737,12.793297928,51.133602111,12.803219907,13.01997,8.302266,,,,,147030.717,30328.617,75.549,,999,,21.093,20.451,99.86658,,148717.2,*,,,,,,261.96,0.0,,,56.20293,-6.122107,9.032013089401,-9.4074754,9.75844995168292,9.9786369,81.15855348,14.0320781,31.9553443,41.3103,/T,4.1908,47.3,0.4599,134.5382,81.942,207.542,-3.24942,Tau,64.18564,52.0547786,-5.6648564,,,170.778643,-35.504635,,0.0,0.386,0.485,0.579,0.22,53.757,0.4005411,0.619,7982.0494,0.0001274,1.14,4.14,0.053251,275.9327,,4.1866,54.1089,-5.8981,23.7,16.0
213,c4d_170420_062927_opi_z_v1.fits.fz 4fd5c9467ff85d1c033ba280893c6bfa,57863.2697016992,z,30,257.087870055799,-38.6062269838475,DECaPS_12093_z,CTIO-4m/DECam,https://astroarchive.noirlab.edu/api/retrieve/4fd5c9467ff85d1c033ba280893c6bfa,,NEAT (C/2004 D1),2003-Apr-02 05:08:17.696,2452731.714093704,8.5,10.6,8.0,5.0,0.03,,,51.186896388,12.848694218,51.223100403,12.858590966,13.17731,8.311859,,,,,144002.466,29138.418,75.728,,999,,21.092,20.449,99.87102,,145542.4,*,,,,,,262.16,0.0,,,56.229978,-6.095026,9.026580181376,-9.4068301,9.76411497511363,9.6374936,81.20566804,14.036291,32.1261518,40.4284,/T,4.1206,35.6,0.2508,135.4903,82.14,207.61,-3.20269,Tau,64.185641,52.1536135,-5.6331171,,,170.811468,-35.404803,,0.0,0.384,0.483,0.576,0.22,53.819,0.3982611,0.617,7976.9231,0.0001273,1.14,4.14,0.053216,275.9708,,4.1163,54.1719,-5.8685,23.7,16.0
214,c4d_170420_063026_opi_Y_v1.fits.fz 7fecd3327a3c10da92e8145690826c13,57863.2703889014,Y,30,257.087848809798,-38.6062339322253,DECaPS_12093_Y,CTIO-4m/DECam,https://astroarchive.noirlab.edu/api/retrieve/7fecd3327a3c10da92e8145690826c13,,NEAT (C/2004 D1),2003-Apr-03 05:08:17.696,2452732.714093704,8.5,10.6,8.0,5.0,0.03,,,51.277526868,12.904151692,51.313691441,12.914020974,13.33173,8.320539,,,,,140973.451,27953.541,75.919,,999,,21.091,20.447,99.87544,,142373.8,*,,,,,,262.36,0.0,,,56.257056,-6.067911,9.021147641234,-9.4061798,9.76958174807235,9.2921668,81.25113381,14.0405074,32.2958555,39.5483,/T,4.0494,23.9,1.8564,136.4416,82.343,207.68,-3.15512,Tau,64.185642,52.2534591,-5.6015274,,,170.845056,-35.304202,,0.0,0.382,0.481,0.574,0.22,53.882,0.3959999,0.614,7971.8089,0.0001273,1.14,4.14,0.053182,276.0089,,4.0451,54.2354,-5.839,22.0,16.0
215,c4d_170421_065822_opi_Y_v1.fits.fz af948c9ef2c88040672b56713b2248bd,57864.2898105956,Y,30,257.056138482023,-38.6164931164784,DECaPS_27965_Y,CTIO-4m/DECam,https://astroarchive.noirlab.edu/api/retrieve/af948c9ef2c88040672b56713b2248bd,,NEAT (C/2004 D1),2003-Apr-04 05:08:17.696,2452733.714093704,8.5,10.6,8.0,5.0,0.03,,,51.369223678,12.959664286,51.405359086,12.969505688,13.48319,8.328311,,,,,137943.837,26774.336,76.123,,999,,21.091,20.445,99.87985,,139211.6,*,,,,,,262.57,0.0,,,56.284165,-6.040762,9.015715471772,-9.4055246,9.77484790864975,8.9428453,81.29493113,14.0447273,32.4644108,38.6699,/T,3.9772,12.7,5.1894,137.3922,82.551,207.751,-3.10673,Tau,64.185643,52.3542984,-5.5700868,,,170.879389,-35.20285,,0.0,0.38,0.48,0.571,0.219,53.947,0.3937577,0.612,7966.705,0.0001273,1.14,4.15,0.053148,276.0471,,3.9729,54.2994,-5.8096,22.0,16.0
216,c4d_170421_065920_opi_z_v1.fits.fz 63880c5210444f9944770492337d8d3a,57864.2904881637,z,30,257.056117082163,-38.6164998545168,DECaPS_27965_z,CTIO-4m/DECam,https://astroarchive.noirlab.edu/api/retrieve/63880c5210444f9944770492337d8d3a,,NEAT (C/2004 D1),2003-Apr-05 05:08:17.696,2452734.714093704,8.5,10.6,8.0,5.0,0.03,,,51.461967164,13.01522598,51.498085622,13.025040922,13.6317,8.335184,,,,,134913.784,25601.153,76.339,,999,,21.09,20.442,99.88422,,136055.7,*,,,,,,262.79,0.0,,,56.311303,-6.013579,9.010283675808,-9.4048643,9.77991120465184,8.5897198,81.33704128,14.0489507,32.6317845,37.7933,/T,3.9042,4.828,10.1233,138.3418,82.766,207.823,-3.05753,Tau,64.185642,52.4561127,-5.5387943,,,170.914449,-35.100762,,0.0,0.378,0.478,0.569,0.219,54.013,0.3915348,0.61,7961.6098,0.0001273,1.14,4.15,0.053114,276.0853,,3.8998,54.3639,-5.7802,23.7,16.0
217,c4d_170421_070022_opi_i_v1.fits.fz 60a83709f8efa3f946a80c0c7cd0c832,57864.291176436,i,30,257.05609534423,-38.6165066990025,DECaPS_27965_i,CTIO-4m/DECam,https://astroarchive.noirlab.edu/api/retrieve/60a83709f8efa3f946a80c0c7cd0c832,,NEAT (C/2004 D1),2003-Apr-06 05:08:17.696,2452735.714093704,8.5,10.6,8.0,5.0,0.03,,,51.555737562,13.070830819,51.591851667,13.080622343,13.77723,8.341169,,,,,131883.451,24434.34,76.569,,999,,21.089,20.44,99.88857,,132906.2,*,,,,,,263.01,0.0,,,56.338471,-5.986362,9.004852256179,-9.4041991,9.78476949449608,8.2329824,81.37744644,14.0531775,32.7979533,36.9184,/T,3.8303,12.7,16.5014,139.2907,82.987,207.895,-3.00754,Tau,64.185642,52.558882,-5.5076493,,,170.95022,-34.997955,,0.0,0.377,0.476,0.567,0.219,54.082,0.3893314,0.607,7956.5217,0.0001273,1.14,4.16,0.05308,276.1236,,3.8258,54.4289,-5.7509,23.7,16.0
218,c4d_170421_072744_opi_Y_v1.fits.fz c9b31f5d2f7d481458915b04c277fa76,57864.310201919,Y,30,257.055494456058,-38.6166958968611,DECaPS_27963_Y,CTIO-4m/DECam,https://astroarchive.noirlab.edu/api/retrieve/c9b31f5d2f7d481458915b04c277fa76,,NEAT (C/2004 D1),2003-Apr-07 05:08:17.696,2452736.714093704,8.5,10.6,8.0,5.0,0.03,,,51.650515047,13.126472925,51.686636212,13.136245304,13.91977,8.346278,,,,,128852.994,23274.245,76.812,,999,,21.088,20.437,99.89289,,129763.0,*,,,,,,263.24,0.0,,,56.365669,-5.959111,8.999421215742,-9.4035287,9.78942074752604,7.8728253,81.41612973,14.0574079,32.9629025,36.0453,/T,3.7555,24.0,24.1437,140.2386,83.215,207.969,-2.95676,Tau,64.18564,52.6625844,-5.4766507,,,170.986682,-34.894446,,0.0,0.375,0.475,0.564,0.218,54.152,0.3871476,0.605,7951.4392,0.0001273,1.15,4.16,0.053046,276.1619,,3.751,54.4943,-5.7216,22.0,16.0
219,c4d_170421_072842_opi_z_v1.fits.fz f72547e01d848ea65890a43def96b4f2,57864.3108759816,z,30,257.055473166915,-38.6167026000393,DECaPS_27963_z,CTIO-4m/DECam,https://astroarchive.noirlab.edu/api/retrieve/f72547e01d848ea65890a43def96b4f2,,NEAT (C/2004 D1),2003-Apr-08 05:08:17.696,2452737.714093704,8.5,10.6,8.0,5.0,0.03,,,51.746279774,13.182146511,51.782416781,13.191904709,14.05934,8.350527,,,,,125822.562,22121.21,77.07,,999,,21.086,20.435,99.89717,,126626.2,*,,,,,,263.47,0.0,,,56.392897,-5.931825,8.993990557373,-9.4028533,9.79386304442653,7.5094419,81.45307519,14.0616417,33.1266264,35.174,/T,3.6798,35.8,32.8467,141.1856,83.451,208.043,-2.90523,Tau,64.185639,52.7671966,-5.4457977,,,171.02382,-34.790251,,0.0,0.373,0.473,0.562,0.218,54.223,0.3849836,0.603,7946.3605,0.0001273,1.15,4.17,0.053012,276.2003,,3.6753,54.5603,-5.6924,23.7,16.0
220,c4d_170421_072947_opi_i_v1.fits.fz 3fdd347ccc010c0ff1ec28a0d98c0c49,57864.3115466571,i,30,257.055451984747,-38.6167092695345,DECaPS_27963_i,CTIO-4m/DECam,https://astroarchive.noirlab.edu/api/retrieve/3fdd347ccc010c0ff1ec28a0d98c0c49,,NEAT (C/2004 D1),2003-Apr-09 05:08:17.696,2452738.714093704,8.5,10.6,8.0,5.0,0.03,,,51.843011923,13.237845899,51.879169679,13.247594906,14.19593,8.353934,,,,,122792.3,20975.577,77.342,,999,,21.085,20.432,99.9014,,123495.9,*,,,,,,263.72,0.0,,,56.420155,-5.904505,8.988560283962,-9.4021727,9.79809457826712,7.1430283,81.48826778,14.0658791,33.2891294,34.3044,/T,3.6034,47.9,42.3776,142.1316,83.695,208.118,-2.85294,Tau,64.185636,52.8726943,-5.4150892,,,171.061615,-34.685386,,0.0,0.371,0.472,0.559,0.218,54.296,0.3828397,0.6,7941.2843,0.0001273,1.15,4.18,0.052979,276.2387,,3.5988,54.6266,-5.6633,23.7,16.0
221,c4d_170428_073842_opi_g_v1.fits.fz 0401f2cf739d98663c19f004500c6ae9,57871.3174188135,g,96,256.818381793795,-38.6820944397829,DECaPS_27965_g,CTIO-4m/DECam,https://astroarchive.noirlab.edu/api/retrieve/0401f2cf739d98663c19f004500c6ae9,,NEAT (C/2004 D1),2003-Apr-10 05:08:17.696,2452739.714093704,8.5,10.6,8.0,5.0,0.03,,,51.940691747,13.293565533,51.976870357,13.303309605,14.32958,8.356518,,,,,119762.347,19837.68,77.629,,999,,21.084,20.429,99.90559,,120372.1,*,,,,,,263.97,0.0,,,56.447444,-5.87715,8.983130398419,-9.401487,9.80211365629096,6.7737838,81.52169344,14.07012,33.4504294,33.4367,/T,3.5261,60.3,52.4592,143.0767,83.948,208.195,-2.79993,Tau,64.185633,52.979052,-5.3845241,,,171.10005,-34.579868,,0.0,0.37,0.47,0.557,0.218,54.371,0.3807159,0.598,7936.2089,0.0001273,1.15,4.18,0.052945,276.2772,,3.5215,54.6935,-5.6342,24.0,16.0
222,c4d_170430_061939_opi_i_v1.fits.fz c332ad8868120306a367304c8840993e,57873.2628641412,i,30,256.74703950005,-38.6985779940499,DECaPS_12093_i,CTIO-4m/DECam,https://astroarchive.noirlab.edu/api/retrieve/c332ad8868120306a367304c8840993e,,NEAT (C/2004 D1),2003-Apr-11 05:08:17.696,2452740.714093704,8.5,10.6,8.0,5.0,0.03,,,52.039299636,13.349300004,52.075493978,13.359041819,14.46029,8.358306,,,,,116732.833,18707.849,77.933,,999,,21.083,20.427,99.90973,,117254.7,*,,,,,,264.23,0.0,,,56.474763,-5.849761,8.977700903667,-9.4007961,9.8059187018507,6.4019107,81.55333904,14.0743643,33.6105639,32.5707,/T,3.4481,73.1,62.7489,144.0206,84.21,208.271,-2.74619,Tau,64.18563,53.086244,-5.3541012,,,171.139108,-34.473713,,0.0,0.368,0.469,0.555,0.217,54.448,0.3786124,0.596,7931.133,0.0001273,1.15,4.19,0.052911,276.3157,,3.4434,54.7607,-5.6052,23.7,16.0
223,c4d_170430_062034_opi_z_v1.fits.fz 4aadacd56d4bdd78150c23db4048a91e,57873.2635528369,z,30,256.747013731353,-38.698583656659,DECaPS_12093_z,CTIO-4m/DECam,https://astroarchive.noirlab.edu/api/retrieve/4aadacd56d4bdd78150c23db4048a91e,,NEAT (C/2004 D1),2003-Apr-12 05:08:17.696,2452741.714093704,8.5,10.6,8.0,5.0,0.03,,,52.13881621,13.40504408,52.1750164,13.414783917,14.58812,8.359325,,,,,113703.877,17586.408,78.253,,999,,21.081,20.424,99.91381,,114143.8,*,,,,,,264.5,0.0,,,56.502112,-5.822338,8.972271802641,-9.4001001,9.80950825485175,6.0276091,81.58319244,14.0786122,33.7695965,31.7066,/T,3.3693,86.3,72.8167,144.9636,84.483,208.349,-2.69175,Tau,64.185626,53.1942451,-5.3238194,,,171.178771,-34.366936,,0.0,0.366,0.467,0.552,0.217,54.526,0.3765294,0.593,7926.0549,0.0001273,1.16,4.2,0.052877,276.3542,,3.3646,54.8284,-5.5762,23.7,16.0
224,c4d_170430_062134_opi_Y_v1.fits.fz 6b599c1614d59806663742d756504c57,57873.2642429097,Y,30,256.746987911128,-38.6985893305909,DECaPS_12093_Y,CTIO-4m/DECam,https://astroarchive.noirlab.edu/api/retrieve/6b599c1614d59806663742d756504c57,,NEAT (C/2004 D1),2003-Apr-13 05:08:17.696,2452742.714093704,8.5,10.6,8.0,5.0,0.03,,,52.239222429,13.460792739,52.275415593,13.470527937,14.71313,8.359611,,,,,110675.585,16473.671,78.591,,999,,21.08,20.421,99.91784,,111039.6,*,,,,,,264.79,0.0,,,56.529492,-5.79488,8.966843098289,-9.3993989,9.81288096780268,5.6510664,81.61124244,14.0828637,33.9276225,30.8443,/T,3.2898,100.1,82.1328,145.9054,84.767,208.428,-2.63662,Tau,64.185622,53.3030322,-5.2936772,,,171.219022,-34.259554,,0.0,0.364,0.465,0.55,0.217,54.606,0.3744669,0.591,7920.9734,0.0001273,1.16,4.21,0.052843,276.3928,,3.285,54.8966,-5.5473,22.0,16.0
225,c4d_190501_080535_opi_r_v1.fits.fz 85d61c2b32cc879ac0bbfc4d9e1b3bb0,58604.3373857375,r,30,259.628420475417,-41.2389608216285,DECaPS_43793_r,CTIO-4m/DECam,https://astroarchive.noirlab.edu/api/retrieve/85d61c2b32cc879ac0bbfc4d9e1b3bb0,,NEAT (C/2004 D1),2003-Apr-14 05:08:17.696,2452743.714093704,8.5,10.6,8.0,5.0,0.03,,,52.340499732,13.51654121,52.376673379,13.526266246,14.8354,8.359202,,,,,107648.049,15369.94,78.948,,999,,21.079,20.418,99.9218,,107941.8,*,,,,,,265.08,0.0,,,56.556903,-5.767387,8.96141479357,-9.3986925,9.81603559354062,5.2724391,81.63747866,14.0871186,34.0847705,29.9838,/T,3.2096,114.2,90.0807,146.8461,85.062,208.507,-2.58081,Tau,64.185617,53.4125859,-5.2636732,,,171.259846,-34.15158,,0.0,0.362,0.464,0.547,0.217,54.687,0.3724251,0.589,7915.887,0.0001272,1.16,4.22,0.052809,276.4314,,3.2048,54.9651,-5.5184,23.7,16.0
226,c4d_190501_080634_opi_g_v1.fits.fz 5352f16b26ee9db091a7ea25762a76ff,58604.3384493779,g,96,259.628385020737,-41.2389699807542,DECaPS_43793_g,CTIO-4m/DECam,https://astroarchive.noirlab.edu/api/retrieve/5352f16b26ee9db091a7ea25762a76ff,,NEAT (C/2004 D1),2003-Apr-15 05:08:17.696,2452744.714093704,8.5,10.6,8.0,5.0,0.03,,,52.442630166,13.572285003,52.478776717,13.581992553,14.95503,8.358142,,,,,104621.342,14275.512,79.323,,999,,21.077,20.415,99.9257,,104850.7,*,,,,,,265.39,0.0,,,56.584344,-5.73986,8.955986891453,-9.3979809,9.81897096086195,4.8918298,81.66189136,14.0913772,34.2411935,29.1252,/T,3.1287,128.8,96.0121,147.7856,85.371,208.587,-2.52435,Tau,64.185611,53.522892,-5.2338059,,,171.301226,-34.04303,,0.0,0.361,0.462,0.545,0.216,54.77,0.370404,0.586,7910.7945,0.0001272,1.16,4.23,0.052775,276.4701,,3.1238,55.034,-5.4896,24.0,16.0
227,c4d_190719_014045_opi_Y_v1.fits.fz 198d8b21dbd5654cd1e1275d4efe1a0e,58683.0701475976,Y,30,256.407378848529,-41.2878437505381,DECaPS_42898_Y,CTIO-4m/DECam,https://astroarchive.noirlab.edu/api/retrieve/198d8b21dbd5654cd1e1275d4efe1a0e,,NEAT (C/2004 D1),2003-Apr-16 05:08:17.696,2452745.714093704,8.5,10.6,8.0,5.0,0.03,,,52.545596479,13.628019918,52.581717434,13.637702942,15.07213,8.356472,,,,,101595.521,13190.674,79.72,,999,,21.076,20.411,99.92953,,101766.2,*,,,,,,265.72,0.0,,,56.611815,-5.712298,8.950559394912,-9.3972641,9.82168593688769,4.5092657,81.68447113,14.0956393,34.3970475,28.2684,/T,3.0471,143.7,99.3498,148.7239,85.694,208.668,-2.46724,Tau,64.185605,53.6339416,-5.2040737,,,171.343147,-33.933916,,0.0,0.359,0.461,0.543,0.216,54.855,0.3684037,0.584,7905.6946,0.0001272,1.17,4.24,0.052741,276.5089,,3.0423,55.1033,-5.4608,22.0,16.0
228,c4d_190719_014144_opi_z_v1.fits.fz 465dbc485539c01e2074c2988c32fa89,58683.0708236139,z,30,256.407356399155,-41.2878393000974,DECaPS_42898_z,CTIO-4m/DECam,https://astroarchive.noirlab.edu/api/retrieve/465dbc485539c01e2074c2988c32fa89,,NEAT (C/2004 D1),2003-Apr-17 05:08:17.696,2452746.714093704,8.5,10.6,8.0,5.0,0.03,,,52.64938211,13.683742016,52.685489572,13.693396229,15.18678,8.354225,,,,,98570.63,12115.709,80.138,,999,,21.074,20.408,99.93329,,98688.4,*,,,,,,266.05,0.0,,,56.639317,-5.684701,8.945132306928,-9.3965421,9.82417938042417,4.1246911,81.70520847,14.0999049,34.5524595,27.4134,/T,2.9649,158.6,99.7137,149.661,86.033,208.749,-2.40949,Tau,64.185598,53.7457284,-5.1744748,,,171.385593,-33.824253,,0.0,0.357,0.46,0.541,0.216,54.941,0.3664243,0.582,7900.5861,0.0001272,1.17,4.25,0.052707,276.5477,,2.96,55.173,-5.4321,23.7,16.0
229,c4d_190719_014243_opi_i_v1.fits.fz f4340f1ad875dd81e00f88325475d942,58683.0715095877,i,30,256.407333619108,-41.2878347841032,DECaPS_42898_i,CTIO-4m/DECam,https://astroarchive.noirlab.edu/api/retrieve/f4340f1ad875dd81e00f88325475d942,,NEAT (C/2004 D1),2003-Apr-18 05:08:17.696,2452747.714093704,8.5,10.6,8.0,5.0,0.03,,,52.753971052,13.739447552,52.790085019,13.749073109,15.29907,8.351425,,,,,95546.703,11050.903,80.58,,999,,21.073,20.405,99.93697,,95617.3,*,,,,,,266.41,0.0,,,56.66685,-5.65707,8.939705630488,-9.3958148,9.82645009681396,3.7379811,81.72409344,14.1041742,34.7074946,26.5604,/T,2.8821,172.6,97.0249,150.5969,86.388,208.831,-2.35113,Tau,64.185591,53.8582441,-5.1450076,,,171.428549,-33.714052,,0.0,0.355,0.458,0.538,0.216,55.029,0.3644659,0.58,7895.4678,0.0001272,1.17,4.26,0.052673,276.5865,,2.8772,55.243,-5.4035,23.7,16.0
