,Image,MJD,Filter,Exptime,Object_RA,Object_Dec,Image_target,Telescope/Instrument,MetaData,Datalink,Date,RA,DEC,Dobs,Dhelio,VMag,Phase,Elong.,dRAcosDEC,dDEC,RV,Tmag,Limiting,Saturation
0,rings.v3.skycell.1796.025.wrp.r.55201_47598,55201.4765609981,r,31,136.852137780233,20.9216485510077,1796.025,Pan-STARRS1,,,2455201.976561,+09:07:24.5884,+20:55:17.856,5.323587160117265,6.205362495552921,18.595879471918217,4.339047349073275,151.48059482721447,-0.131931262137381,0.1722689292124719,-15.352229824987296,18.997999999987545,21.5,14.5
1,rings.v3.skycell.1796.025.wrp.r.55201_48556,55201.4861288981,r,31,136.85159679522,20.9223079387828,1796.025,Pan-STARRS1,,,2455201.986129,+09:07:24.4587,+20:55:20.230,5.323502336124736,6.205349993574004,18.59580589767054,4.337627345877025,151.4908311872591,-0.1319732801118059,0.172280050230965,-15.347722823993768,18.997961728387544,21.5,14.5
2,rings.v3.skycell.1796.025.wrp.r.55203_65208,55203.6528330222,r,60,136.724791810413,21.0726643486601,1796.025,Pan-STARRS1,,,2455204.152833,+09:06:54.0176,+21:04:21.525,5.304940856279232,6.202536373067241,18.579652062784245,4.012504655299611,153.80906180433828,-0.1412221651164738,0.1746413731683749,-14.313340906064791,18.990294911891134,21.5,14.5
3,rings.v3.skycell.1796.026.wrp.r.55203_65208,55203.6528330222,r,60,136.724791810413,21.0726643486601,1796.026,Pan-STARRS1,,,2455204.152833,+09:06:54.0176,+21:04:21.525,5.304940856279232,6.202536373067241,18.579652062784245,4.012504655299611,153.80906180433828,-0.1412221651164738,0.1746413731683749,-14.313340906064791,18.990294911891134,21.5,14.5
4,rings.v3.skycell.1796.025.wrp.r.55203_66111,55203.6618553223,r,60,136.724248216831,21.0732939047117,1796.025,Pan-STARRS1,,,2455204.161855,+09:06:53.8865,+21:04:23.793,5.304866285690118,6.202524730216763,18.57958693827045,4.011136676080175,153.81871351129203,-0.1412595246493312,0.1746505341666424,-14.308977391194334,18.990258822690723,21.5,14.5
5,rings.v3.skycell.1796.026.wrp.r.55203_66111,55203.6618553223,r,60,136.724248216831,21.0732939047117,1796.026,Pan-STARRS1,,,2455204.161855,+09:06:53.8865,+21:04:23.793,5.304866285690118,6.202524730216763,18.57958693827045,4.011136676080175,153.81871351129203,-0.1412595246493312,0.1746505341666424,-14.308977391194334,18.990258822690723,21.5,14.5
6,rings.v3.skycell.1796.058.wrp.r.55219_38649,55219.3872420222,r,60,135.587414243608,22.2022820197184,1796.058,Pan-STARRS1,,,2455219.887242,+09:02:21.0189,+22:12:08.341,5.211187435147182,6.183154180208259,18.49541732079248,1.5674432904921056,170.1057324967459,-0.1882842245170057,0.1810530814895831,-6.176642933156342,18.94517863794556,21.5,14.5
7,rings.v3.skycell.1796.058.wrp.r.55219_39510,55219.3958545223,r,60,135.586712683704,22.2029054690309,1796.058,Pan-STARRS1,,,2455219.895855,+09:02:20.8508,+22:12:10.586,5.211156721273592,6.183144078362281,18.49538817643396,1.5661969842797152,170.11370105511148,-0.1882989198660968,0.181051154676634,-6.172008943615783,18.945161412945367,21.5,14.5
8,rings.v3.skycell.1796.069.wrp.r.55222_33999,55222.3407397222,r,60,135.34411829484,22.4156443711098,1796.069,Pan-STARRS1,,,2455222.84074,+09:01:22.6198,+22:24:56.484,5.202008518483964,6.179722880182716,18.48655559174948,1.173507622625462,172.61460689444945,-0.1925757319625221,0.1800543125201896,-4.584578093817931,18.94027164254556,21.5,14.5
9,rings.v3.skycell.1796.069.wrp.r.55222_34856,55222.3493059223,r,60,135.343403730982,22.4162611375164,1796.069,Pan-STARRS1,,,2455222.849306,+09:01:22.4485,+22:24:58.705,5.201985848606109,6.179713024000924,18.48653320221757,1.172499047454322,172.62100750020073,-0.1925860092266643,0.1800504470987164,-4.579955272221869,18.940254510145373,21.5,14.5
10,rings.v3.skycell.1878.044.wrp.z.55290_36270,55290.3632673111,z,30,131.981210593674,25.7369357478134,1878.044,Pan-STARRS1,,,2455290.863267,+08:47:55.4347,+25:44:13.459,5.66044404449863,6.119160666371698,18.831964297476876,8.65986116697779,112.8874126670668,0.0547759886340351,0.0421838242323391,23.63495991211975,19.104433531580582,20.9,14.5
11,rings.v3.skycell.1878.044.wrp.z.55290_36484,55290.3654116111,z,30,131.981263486407,25.7369716052745,1878.044,Pan-STARRS1,,,2455290.865412,+08:47:55.4472,+25:44:13.589,5.660473325039368,6.119159322349985,18.8319862858084,8.660000911274256,112.88535425168854,0.0547893227317146,0.0421786328134323,23.63536724193159,19.104444253080583,20.9,14.5
12,rings.v3.skycell.1878.044.wrp.z.55290_37141,55290.3719843111,z,30,131.981425613007,25.7370815154245,1878.044,Pan-STARRS1,,,2455290.871984,+08:47:55.4856,+25:44:13.988,5.660563039920675,6.119155204668149,18.832053656940616,8.660428995139629,112.87904762611088,0.0548301768565675,0.0421627273016068,23.636615034777783,19.1044771165806,20.9,14.5
13,rings.v3.skycell.1878.044.wrp.z.55290_37354,55290.3741196111,z,30,131.981478283741,25.7371172223856,1878.044,Pan-STARRS1,,,2455290.87412,+08:47:55.4980,+25:44:14.118,5.6605921996426085,6.11915386643178,18.83207555415733,8.660568104773489,112.87699790582256,0.0548434551329068,0.0421575578705673,23.637020517508123,19.10448779308059,20.9,14.5
14,rings.v3.skycell.1805.061.wrp.z.55585_63194,55585.6325122111,z,30,177.315540476568,22.459487211285,1805.061,Pan-STARRS1,,,2455586.132512,+11:49:15.8610,+22:27:34.218,5.569141054753134,6.27706345650948,18.816664773403453,6.631917371526184,132.5701129100806,-0.0091400835209626,0.1970071067319827,-15.228625292338474,19.118532146351644,20.9,14.5
15,rings.v3.skycell.1805.061.wrp.z.55585_64271,55585.6432809111,z,30,177.31550144003,22.4603349472793,1805.061,Pan-STARRS1,,,2455586.143281,+11:49:15.8507,+22:27:37.273,5.569046352094986,6.277081307969445,18.816597096938303,6.630849836251739,132.58000454823835,-0.0092022403051044,0.197020513310408,-15.224743656009393,19.11849984025165,20.9,14.5
16,rings.v3.skycell.1805.061.wrp.y.55586_63742,55586.6379907111,y,30,177.310300640228,22.5389597085569,1805.061,Pan-STARRS1,,,2455587.137991,+11:49:14.6048,+22:32:20.345,5.560403616778913,6.27873374847534,18.810423506863195,6.531598653639573,133.49213402375875,-0.0149238108331842,0.198215751208413,-14.862833415784769,19.115677140567772,19.7,14.5
17,rings.v3.skycell.1805.061.wrp.y.55586_64876,55586.6493363111,y,30,177.310231148428,22.5398585322016,1805.061,Pan-STARRS1,,,2455587.149336,+11:49:14.5872,+22:32:23.584,5.560306246436965,6.278752635478185,18.810353987216192,6.530459445972137,133.5025189295095,-0.0149888330950537,0.1982288846430077,-14.858667159007023,19.115654449367764,19.7,14.5
18,rings.v3.skycell.1888.068.wrp.r.55645_46759,55645.4682214815,r,40,174.017029136944,26.6329248911322,1888.068,Pan-STARRS1,,,2455645.968221,+11:36:04.1504,+26:37:59.622,5.504974968989446,6.388637790618255,18.80459481647154,4.465209162434586,150.0800231744816,-0.1617852324232383,0.0967355743267031,12.407975616063156,19.12797498145954,21.5,14.5
19,rings.v3.skycell.1888.068.wrp.r.55645_46824,55645.4688681815,r,40,174.016982332031,26.6329498789019,1888.068,Pan-STARRS1,,,2455645.968868,+11:36:04.1392,+26:37:59.712,5.504979605532899,6.388639127854425,18.80459892881932,4.4652717411552105,150.07956130986605,-0.1617841607314818,0.0967330268373105,12.408267410350131,19.127976921559558,21.5,14.5
20,rings.v3.skycell.1888.068.wrp.r.55645_47896,55645.4795909815,r,40,174.016206269381,26.6333641959796,1888.068,Pan-STARRS1,,,2455645.979591,+11:36:03.9529,+26:38:01.206,5.505056464768075,6.388661290825457,18.804667096664325,4.466308985325729,150.07190558199662,-0.1617663905256454,0.0966908040249858,12.41310322814519,19.12801211994607,21.5,14.5
21,rings.v3.skycell.1888.068.wrp.r.55645_47962,55645.4802515815,r,40,174.016158458456,26.6333897208297,1888.068,Pan-STARRS1,,,2455645.980252,+11:36:03.9414,+26:38:01.298,5.505061203598051,6.388662657046946,18.80467129950211,4.466372930621528,150.07143359331732,-0.1617652945814573,0.0966882011386514,12.413401310519928,19.12801476234608,21.5,14.5
22,rings.v3.skycell.1888.068.wrp.i.55645_49381,55645.4944625167,i,45,174.015129942021,26.6339388155757,1888.068,Pan-STARRS1,,,2455645.994463,+11:36:03.6945,+26:38:03.276,5.5051631123564135,6.388692030464878,18.80476167846049,4.467747880683796,150.0612843707335,-0.1617417176833802,0.0966322372288244,12.41980949046278,19.12807160608686,21.5,14.5
23,rings.v3.skycell.1888.068.wrp.i.55645_49448,55645.4951355167,i,45,174.015081233646,26.633964819548,1888.068,Pan-STARRS1,,,2455645.995136,+11:36:03.6828,+26:38:03.369,5.505167939824894,6.388693421555305,18.80476595960199,4.467813003434192,150.06080364045062,-0.1617406004280434,0.0966295867252223,12.42011294984088,19.12807429808687,21.5,14.5
24,rings.v3.skycell.1888.068.wrp.i.55645_50575,55645.5064064167,i,45,174.014265502258,26.6344003146009,1888.068,Pan-STARRS1,,,2455646.006406,+11:36:03.4870,+26:38:04.937,5.505248797690736,6.388716717070241,18.804837664665936,4.468903654113444,150.05275221455932,-0.1617218814636448,0.0965851991971624,12.425194420334837,19.128119381686876,21.5,14.5
25,rings.v3.skycell.1888.068.wrp.i.55645_50645,55645.5071089167,i,45,174.014214658821,26.6344274584204,1888.068,Pan-STARRS1,,,2455646.007109,+11:36:03.4748,+26:38:05.035,5.505253842538307,6.388718170225519,18.804842138326112,4.4689716936619215,150.05224991016465,-0.1617207132174512,0.0965824302395616,12.425511377759443,19.12812219168688,21.5,14.5
26,rings.v3.skycell.1888.068.wrp.g.55646_32287,55646.3235147426,g,43,173.955369923228,26.6654692272604,1888.068,Pan-STARRS1,,,2455646.823515,+11:35:49.3533,+26:39:56.686,5.511199180767311,6.390407940785553,18.81010398611609,4.548513488461917,149.46329553044123,-0.1603168712418697,0.0933549386433286,12.792426790455988,19.13138781499048,21.5,14.5
27,rings.v3.skycell.1888.068.wrp.g.55646_32350,55646.3241429426,g,43,173.955324928403,26.6654925230102,1888.068,Pan-STARRS1,,,2455646.824143,+11:35:49.3425,+26:39:56.771,5.51120382059098,6.390409242288479,18.810108084649563,4.548575060766113,149.462838268808,-0.1603157551203787,0.0933524470423663,12.79270811247224,19.131390327790463,21.5,14.5
28,rings.v3.skycell.1888.068.wrp.g.55646_33453,55646.3351701426,g,43,173.954535105203,26.6659014483436,1888.068,Pan-STARRS1,,,2455646.83517,+11:35:49.1526,+26:39:58.253,5.5112853074784605,6.390432095688638,18.81018006317248,4.549656295882014,149.45480821836833,-0.1602961481630715,0.0933086950469025,12.797647587109717,19.13143443659047,21.5,14.5
29,rings.v3.skycell.1888.068.wrp.g.55646_33516,55646.3358106426,g,43,173.954489229391,26.6659252002187,1888.068,Pan-STARRS1,,,2455646.835811,+11:35:49.1415,+26:39:58.339,5.511290045282251,6.390433424182385,18.81018424802783,4.549719153497387,149.4543413710906,-0.1602950078815757,0.0933061516140974,12.79793470534804,19.13143699859048,21.5,14.5
30,rings.v3.skycell.1887.070.wrp.r.55655_29856,55655.2991998815,r,40,173.350062140685,26.9354126640168,1887.070,Pan-STARRS1,,,2455655.7992,+11:33:24.0652,+26:56:08.456,5.58764418415502,6.409273640554084,18.876331498415745,5.460035076315258,142.42240101203322,-0.1388304904626515,0.0567442572427001,16.638274960129294,19.167113194432574,21.5,14.5
31,rings.v3.skycell.1888.079.wrp.r.55655_29856,55655.2991998815,r,40,173.350062140685,26.9354126640168,1888.079,Pan-STARRS1,,,2455655.7992,+11:33:24.0652,+26:56:08.456,5.58764418415502,6.409273640554084,18.876331498415745,5.460035076315258,142.42240101203322,-0.1388304904626515,0.0567442572427001,16.638274960129294,19.167113194432574,21.5,14.5
32,rings.v3.skycell.1888.079.wrp.r.55655_29978,55655.3004057815,r,40,173.349987324639,26.9354396292807,1888.079,Pan-STARRS1,,,2455655.800406,+11:33:24.0471,+26:56:08.554,5.587655773170543,6.4092762107420045,18.876341376645357,5.460158714724478,142.42140324116357,-0.1388268930988473,0.0567392568987126,16.638764612525954,19.167119223932573,21.5,14.5
33,rings.v3.skycell.1887.070.wrp.r.55655_30753,55655.3081702815,r,40,173.349505602118,26.935613252128,1887.070,Pan-STARRS1,,,2455655.80817,+11:33:23.9311,+26:56:09.188,5.587730389205599,6.40929275734766,18.87640497676936,5.460954665730854,142.41497953760836,-0.138803729673203,0.0567070654690384,16.64191670545906,19.167158046432604,21.5,14.5
34,rings.v3.skycell.1888.079.wrp.r.55655_30753,55655.3081702815,r,40,173.349505602118,26.935613252128,1888.079,Pan-STARRS1,,,2455655.80817,+11:33:23.9311,+26:56:09.188,5.587730389205599,6.40929275734766,18.87640497676936,5.460954665730854,142.41497953760836,-0.138803729673203,0.0567070654690384,16.64191670545906,19.167158046432604,21.5,14.5
35,rings.v3.skycell.1887.070.wrp.r.55655_31669,55655.3173171815,r,40,173.348938113198,26.9358177869752,1887.070,Pan-STARRS1,,,2455655.817317,+11:33:23.7944,+26:56:09.935,5.58781831471677,6.409312251900346,18.87647991922526,5.461892378254339,142.40741103664556,-0.1387764306365165,0.0566691394104542,16.645629845344693,19.167203780932585,21.5,14.5
36,rings.v3.skycell.1888.079.wrp.r.55655_31669,55655.3173171815,r,40,173.348938113198,26.9358177869752,1888.079,Pan-STARRS1,,,2455655.817317,+11:33:23.7944,+26:56:09.935,5.58781831471677,6.409312251900346,18.87647991922526,5.461892378254339,142.40741103664556,-0.1387764306365165,0.0566691394104542,16.645629845344693,19.167203780932585,21.5,14.5
37,rings.v3.skycell.1888.079.wrp.r.55655_31791,55655.3185320815,r,40,173.348862738777,26.9358449534891,1888.079,Pan-STARRS1,,,2455655.818532,+11:33:23.7762,+26:56:10.034,5.587829995373693,6.409314841410566,18.87648987494038,5.462016933264297,142.4064056653475,-0.1387728037202569,0.0566641016464152,16.646123027814603,19.1672098554326,21.5,14.5
38,rings.v3.skycell.1887.070.wrp.r.55655_31851,55655.3191343815,r,40,173.348825371081,26.9358584215862,1887.070,Pan-STARRS1,,,2455655.819134,+11:33:23.7672,+26:56:10.083,5.587835782960152,6.409316124448322,18.876494807829022,5.462078646845002,142.4059075264721,-0.1387710066114006,0.0566616055642228,16.646367383679053,19.167212866932577,21.5,14.5
39,rings.v3.skycell.1888.079.wrp.r.55655_31851,55655.3191343815,r,40,173.348825371081,26.9358584215862,1888.079,Pan-STARRS1,,,2455655.819134,+11:33:23.7672,+26:56:10.083,5.587835782960152,6.409316124448322,18.876494807829022,5.462078646845002,142.4059075264721,-0.1387710066114006,0.0566616055642228,16.646367383679053,19.167212866932577,21.5,14.5
40,rings.v3.skycell.1887.070.wrp.i.55657_29377,55657.2944315167,i,45,173.228483867282,26.9773883339015,1887.070,Pan-STARRS1,,,2455657.794432,+11:32:54.8856,+26:58:39.604,5.607279396032772,6.413538734411614,18.89301057389929,5.663867626692662,140.7585531018152,-0.1326388609717915,0.0484664261381008,17.436945249605536,19.17608935260857,21.5,14.5
41,rings.v3.skycell.1887.070.wrp.i.55657_29576,55657.2964205167,i,45,173.228366101907,26.9774262354016,1887.070,Pan-STARRS1,,,2455657.796421,+11:32:54.8571,+26:58:39.743,5.607299426887006,6.413542999073928,18.893027532063392,5.664069935497514,140.75688221402902,-0.1326324538361063,0.0484581735357981,17.43772979108338,19.17609929760859,21.5,14.5
42,rings.v3.skycell.1887.070.wrp.i.55657_31733,55657.3179868167,i,45,173.227089197228,26.9778371932293,1887.070,Pan-STARRS1,,,2455657.817987,+11:32:54.5491,+26:58:41.246,5.607516671974791,6.413589240895873,18.893211444985663,5.666263361188723,140.7387639302644,-0.1325629542270535,0.0483686940870782,17.446234771231737,19.17620712910858,21.5,14.5
43,rings.v3.skycell.1888.028.wrp.y.55727_28141,55727.2819805111,y,30,174.071282189463,24.9181086044427,1888.028,Pan-STARRS1,,,2455727.781981,+11:36:17.1456,+24:55:05.702,6.657300459113898,6.578964620349888,19.69376933542504,8.775937897204413,81.20173021606045,0.2000026103419154,-0.162690746598872,29.197354128005028,19.597832517096702,19.7,14.5
44,rings.v3.skycell.1888.028.wrp.y.55727_29292,55727.2934852111,y,30,174.072301793501,24.9173582423428,1888.028,Pan-STARRS1,,,2455727.793485,+11:36:17.3891,+24:55:03.007,6.6574944464484185,6.578994251209983,19.69390566284449,8.775688937652639,81.19258707596188,0.2000543083149932,-0.1627083827967762,29.196776352936904,19.5979015452967,19.7,14.5
45,rings.v3.skycell.1888.028.wrp.z.55727_30588,55727.3064488111,z,30,174.073450692551,24.9165127275429,1888.028,Pan-STARRS1,,,2455727.806449,+11:36:17.6637,+24:54:59.969,6.657713048581385,6.579027643520469,19.6940592847376,8.775408116744682,81.18228388074421,0.2001125613892778,-0.1627282516748098,29.196124500383394,19.59797932689669,20.9,14.5
46,rings.v3.skycell.1888.028.wrp.z.55727_31742,55727.3179965111,z,30,174.074474107463,24.9157595608873,1888.028,Pan-STARRS1,,,2455727.817997,+11:36:17.9083,+24:54:57.263,6.657907769670757,6.579057389365113,19.694196120800108,8.77515773193143,81.17310634548048,0.2001644463779004,-0.1627459453935457,29.195543176907854,19.59804861309669,20.9,14.5
50,rings.v3.skycell.1728.019.wrp.z.55962_58193,55962.5825063111,z,30,207.606972448918,16.4439434166905,1728.019,Pan-STARRS1,,,2455963.082506,+13:50:25.9251,+16:26:37.623,6.869974751277404,7.326111469279509,20.063919020898823,7.063290196421097,113.9707759560716,0.0593229972544791,0.1432051544688751,-16.27682795024375,19.87678810936777,20.9,14.5
51,rings.v3.skycell.1728.018.wrp.z.55962_58436,55962.5849386111,z,30,207.607033053726,16.4440825983018,1728.018,Pan-STARRS1,,,2455963.084939,+13:50:25.9395,+16:26:38.124,6.869951880472817,7.3261204454780975,20.06390722335461,7.063166556234725,113.97291113020157,0.0593096754535752,0.1432086504366157,-16.276295610900387,19.876783244767765,20.9,14.5
52,rings.v3.skycell.1728.019.wrp.z.55962_58436,55962.5849386111,z,30,207.607033053726,16.4440825983018,1728.019,Pan-STARRS1,,,2455963.084939,+13:50:25.9395,+16:26:38.124,6.869951880472817,7.3261204454780975,20.06390722335461,7.063166556234725,113.97291113020157,0.0593096754535752,0.1432086504366157,-16.276295610900387,19.876783244767765,20.9,14.5
53,rings.v3.skycell.1727.060.wrp.i.56000_59600,56000.5966515167,i,45,206.985725516333,18.7829879121275,1727.060,Pan-STARRS1,,,2456001.096652,+13:47:56.8177,+18:46:58.729,6.638329127801545,7.468934883411948,19.95688117458179,4.449626575385359,144.35685661411094,-0.1244129709827559,0.1457343795214817,-3.450639075563462,19.84,21.5,14.5
54,rings.v3.skycell.1727.070.wrp.i.56000_59600,56000.5966515167,i,45,206.985725516333,18.7829879121275,1727.070,Pan-STARRS1,,,2456001.096652,+13:47:56.8177,+18:46:58.729,6.638329127801545,7.468934883411948,19.95688117458179,4.449626575385359,144.35685661411094,-0.1244129709827559,0.1457343795214817,-3.450639075563462,19.84,21.5,14.5
55,rings.v3.skycell.1727.060.wrp.i.56000_60774,56000.6084035167,i,45,206.985109515666,18.7836737719052,1727.060,Pan-STARRS1,,,2456001.108404,+13:47:56.6694,+18:47:01.195,6.638305724889581,7.46897981031574,19.95687892557504,4.448824068663461,144.36413943058412,-0.1244550662862338,0.1457174819122822,-3.4455715984698623,19.84,21.5,14.5
56,rings.v3.skycell.1727.070.wrp.i.56000_60774,56000.6084035167,i,45,206.985109515666,18.7836737719052,1727.070,Pan-STARRS1,,,2456001.108404,+13:47:56.6694,+18:47:01.195,6.638305724889581,7.46897981031574,19.95687892557504,4.448824068663461,144.36413943058412,-0.1244550662862338,0.1457174819122822,-3.4455715984698623,19.84,21.5,14.5
57,rings.v3.skycell.1727.071.wrp.r.56007_57117,56007.5718014815,r,40,206.584161341234,19.1737064793425,1727.071,Pan-STARRS1,,,2456008.071801,+13:46:20.4411,+19:10:25.418,6.630603473079825,7.495681397313501,19.95958616104835,4.018175925980496,148.18546381484043,-0.1469239538561042,0.1337016319377233,-0.3588103181404758,19.844095240486517,21.5,14.5
58,rings.v3.skycell.1727.071.wrp.r.56007_58144,56007.5820640815,r,40,206.5835233496,19.174256098587,1727.071,Pan-STARRS1,,,2456008.082064,+13:46:20.2878,+19:10:27.393,6.630601360121952,7.495720870293229,19.959596212245344,4.017621632971336,148.19027527212995,-0.1469531340884337,0.1336810318694158,-0.3541553410919603,19.844105503086517,21.5,14.5
59,rings.v3.skycell.1727.071.wrp.g.56007_63072,56007.6313604426,g,43,206.580458759152,19.1768961925927,1727.071,Pan-STARRS1,,,2456008.13136,+13:46:19.5512,+19:10:36.879,6.630591595590688,7.495910474672513,19.959644743353195,4.014963115170957,148.21334840382292,-0.1470931232080493,0.1335819698383965,-0.3317927465480834,19.844154799447622,21.5,14.5
60,rings.v3.skycell.1727.082.wrp.g.56013_58209,56013.5827453426,g,43,206.189866715253,19.4795573102616,1727.082,Pan-STARRS1,,,2456014.082745,+13:44:45.8059,+19:28:46.588,6.634131164248964,7.518859642979677,19.96860042651493,3.747674565186661,150.50030600985895,-0.1618431505006798,0.1203003681920712,2.4006326291094924,19.85121236869524,21.5,14.5
61,rings.v3.skycell.1727.082.wrp.g.56013_59248,56013.5931210426,g,43,206.189155115162,19.4800573613586,1727.082,Pan-STARRS1,,,2456014.093121,+13:44:45.6349,+19:28:48.385,6.634145564436087,7.518899755120792,19.96862143788649,3.747311782287456,150.5033610687297,-0.1618650596687975,0.1202750491991431,2.405437036414458,19.85123312009523,21.5,14.5
62,rings.v3.skycell.1727.082.wrp.g.56013_59323,56013.5938768426,g,43,206.189103279878,19.4800937867197,1727.082,Pan-STARRS1,,,2456014.093877,+13:44:45.6225,+19:28:48.516,6.634146614764975,7.518902677721791,19.968622969521142,3.747285365113468,150.50358352607765,-0.1618666554543826,0.1202732041705891,2.4057870909623884,19.85123463169523,21.5,14.5
63,rings.v3.skycell.1727.093.wrp.r.56018_55038,56018.5510108815,r,40,205.838528752304,19.7060698848734,1727.093,Pan-STARRS1,,,2456019.051011,+13:43:21.4720,+19:42:22.050,6.644325980205493,7.538106198277017,19.98082057205116,3.621386584322908,151.54941456477016,-0.1707907734025985,0.1074164593427591,4.706364352606468,19.860148899773034,21.5,14.5
64,rings.v3.skycell.1727.093.wrp.i.56019_55801,56019.5586698167,i,45,205.765082325078,19.7488064653724,1727.093,Pan-STARRS1,,,2456020.05867,+13:43:03.8451,+19:44:55.902,6.647200967260934,7.542019485591173,19.983826342147225,3.607968598603154,151.65696039738486,-0.172229684372786,0.1046321461769087,5.173956041610761,19.86216421764344,21.5,14.5
65,rings.v3.skycell.1727.093.wrp.i.56019_56950,56019.5701622167,i,45,205.764241464478,19.7492881884724,1727.093,Pan-STARRS1,,,2456020.070162,+13:43:03.6432,+19:44:57.633,6.647235324664164,7.542064134084011,19.98386164448132,3.607840161248324,151.65797632431477,-0.1722453730636361,0.1046000886911453,5.179286254715911,19.86218720244344,21.5,14.5
66,rings.v3.skycell.1727.093.wrp.i.56019_57700,56019.5776626167,i,45,205.763692685212,19.7496025802389,1727.093,Pan-STARRS1,,,2456020.077663,+13:43:03.5114,+19:44:58.763,6.647257769335919,7.5420932770510545,19.983884699271112,3.607756628495316,151.65863686571646,-0.1722556045650855,0.1045791606623022,5.182765329790021,19.86220220324343,21.5,14.5
75,rings.v3.skycell.1557.056.wrp.z.56335_64819,56335.6487826111,z,30,225.98583502181,10.0965743382587,1557.056,Pan-STARRS1,,,2456336.148783,+15:03:56.8987,+10:05:46.636,8.6347010404228,8.89567728047866,21.478368151116943,6.228072563889464,102.18977673225244,0.0717272859676202,0.0985505809984963,-17.22754733459492,20.75265555676777,20.9,14.5
76,rings.v3.skycell.1557.056.wrp.z.56335_65160,56335.6521791111,z,30,225.985934935518,10.0967079339255,1557.056,Pan-STARRS1,,,2456336.152179,+15:03:56.9224,+10:05:47.118,8.634667252524203,8.895692850198433,21.47835495761404,6.227995008272644,102.19277131413988,0.0717114631060757,0.0985547396017183,-17.22714962995685,20.752648763767763,20.9,14.5
80,rings.v3.skycell.1644.020.wrp.g.56421_46370,56421.4643665426,g,43,222.788695110265,13.1931019044596,1644.020,Pan-STARRS1,,,2456421.964367,+14:51:09.5501,+13:11:34.736,8.412278790171838,9.293831745005292,21.46011060032211,3.1895416781720227,149.19155996167822,-0.174211951912534,0.0222098438947243,13.30315844562307,20.78097561109523,21.5,14.5
81,rings.v3.skycell.1644.030.wrp.g.56421_46370,56421.4643665426,g,43,222.788695110265,13.1931019044596,1644.030,Pan-STARRS1,,,2456421.964367,+14:51:09.5501,+13:11:34.736,8.412278790171838,9.293831745005292,21.46011060032211,3.1895416781720227,149.19155996167822,-0.174211951912534,0.0222098438947243,13.30315844562307,20.78097561109523,21.5,14.5
82,rings.v3.skycell.1644.020.wrp.g.56421_46574,56421.4664024426,g,43,222.788549458586,13.193119888243,1644.020,Pan-STARRS1,,,2456421.966402,+14:51:09.5152,+13:11:34.801,8.412294425647957,9.293841289088483,21.460120902267647,3.189614114165764,149.19076579378776,-0.1742107246770833,0.0222045232776989,13.304074175866583,20.780979682895236,21.5,14.5
83,rings.v3.skycell.1644.030.wrp.g.56421_46574,56421.4664024426,g,43,222.788549458586,13.193119888243,1644.030,Pan-STARRS1,,,2456421.966402,+14:51:09.5152,+13:11:34.801,8.412294425647957,9.293841289088483,21.460120902267647,3.189614114165764,149.19076579378776,-0.1742107246770833,0.0222045232776989,13.304074175866583,20.780979682895236,21.5,14.5
84,rings.v3.skycell.1644.020.wrp.g.56421_47317,56421.4738283426,g,43,222.788018197323,13.1931854836929,1644.020,Pan-STARRS1,,,2456421.973828,+14:51:09.3876,+13:11:35.039,8.412351490823804,9.293876116825045,21.460158500087797,3.1898785235044165,149.1878668376799,-0.1742062427869314,0.0221851071478527,13.307415725934598,20.78099453469523,21.5,14.5
85,rings.v3.skycell.1644.030.wrp.g.56421_47317,56421.4738283426,g,43,222.788018197323,13.1931854836929,1644.030,Pan-STARRS1,,,2456421.973828,+14:51:09.3876,+13:11:35.039,8.412351490823804,9.293876116825045,21.460158500087797,3.1898785235044165,149.1878668376799,-0.1742062427869314,0.0221851071478527,13.307415725934598,20.78099453469523,21.5,14.5
86,rings.v3.skycell.1644.020.wrp.g.56421_47580,56421.4764570426,g,43,222.787830135744,13.1932087038763,1644.020,Pan-STARRS1,,,2456421.976457,+14:51:09.3424,+13:11:35.123,8.412371696834702,9.29388844677573,21.460171812428275,3.189972161558006,149.1868401824621,-0.1742046547494134,0.0221782331563973,13.308598693317595,20.78099979209523,21.5,14.5
87,rings.v3.skycell.1644.030.wrp.g.56421_47580,56421.4764570426,g,43,222.787830135744,13.1932087038763,1644.030,Pan-STARRS1,,,2456421.976457,+14:51:09.3424,+13:11:35.123,8.412371696834702,9.29388844677573,21.460171812428275,3.189972161558006,149.1868401824621,-0.1742046547494134,0.0221782331563973,13.308598693317595,20.78099979209523,21.5,14.5
88,rings.v3.skycell.1644.025.wrp.i.56457_35454,56457.3552036167,i,45,220.652120852318,12.8398258547902,1644.025,Pan-STARRS1,,,2456457.855204,+14:42:36.7325,+12:50:22.881,8.839688906851038,9.462823292385528,21.714473463578685,5.0263356104991335,125.28753199086962,-0.0999443475563301,-0.0693285233515008,27.001515861008357,20.924393213108598,21.5,14.5
89,rings.v3.skycell.1644.025.wrp.r.56457_36620,56457.3668412815,r,40,220.651645647672,12.8395016165181,1644.025,Pan-STARRS1,,,2456457.866841,+14:42:36.6180,+12:50:21.719,8.83987038915359,9.46287829264177,21.71457524612987,5.026893805946676,125.27817662640707,-0.099906615645861,-0.0693548832811091,27.004907222849244,20.9244514014326,21.5,14.5
90,rings.v3.skycell.1644.015.wrp.i.56459_36632,56459.3669954167,i,45,220.572341633071,12.7822059969551,1644.015,Pan-STARRS1,,,2456459.866995,+14:42:17.5871,+12:46:55.504,8.871396956807189,9.472333593225756,21.73220504725488,5.121031486378956,123.6647183297462,-0.0933362558665131,-0.0738266340591532,27.574767718635695,20.934452172108575,21.5,14.5
91,rings.v3.skycell.1644.025.wrp.i.56459_36632,56459.3669954167,i,45,220.572341633071,12.7822059969551,1644.025,Pan-STARRS1,,,2456459.866995,+14:42:17.5871,+12:46:55.504,8.871396956807189,9.472333593225756,21.73220504725488,5.121031486378956,123.6647183297462,-0.0933362558665131,-0.0738266340591532,27.574767718635695,20.934452172108575,21.5,14.5
92,rings.v3.skycell.1644.015.wrp.r.56459_37766,56459.3783094815,r,40,220.571910284351,12.7818706606455,1644.015,Pan-STARRS1,,,2456459.878309,+14:42:17.4831,+12:46:54.301,8.87157714681357,9.472387088581833,21.73230552084716,5.121553537571389,123.65556240165496,-0.0932986306967471,-0.0738515898174737,27.577917149470515,20.934508742432588,21.5,14.5
93,rings.v3.skycell.1644.025.wrp.r.56459_37766,56459.3783094815,r,40,220.571910284351,12.7818706606455,1644.025,Pan-STARRS1,,,2456459.878309,+14:42:17.4831,+12:46:54.301,8.87157714681357,9.472387088581833,21.73230552084716,5.121553537571389,123.65556240165496,-0.0932986306967471,-0.0738515898174737,27.577917149470515,20.934508742432588,21.5,14.5
96,tu2187854.fits.fz 6dfa4d675c929ad0a4bb646778b84b08,56705.3390804422,z,30,237.636138409453,5.24221791138108,Pal5-F10-slew,CTIO-4m/DECam,https://astroarchive.noirlab.edu/api/retrieve/6dfa4d675c929ad0a4bb646778b84b08,,2456705.83908,+15:50:32.9774,+05:14:30.718,10.544418325160676,10.65768148407465,22.73853995588259,5.307276253528664,93.92126397316612,0.072633452733471,0.0704786295927636,-18.00060163566775,21.539274961105562,23.7,16.0
97,tu2188400.fits.fz 8282c1096f073595c416c64cacf02348,56705.3390804422,z,30,237.636138409453,5.24221791138108,Pal5-F10-slew,CTIO-4m/DECam,https://astroarchive.noirlab.edu/api/retrieve/8282c1096f073595c416c64cacf02348,,2456705.83908,+15:50:32.9774,+05:14:30.718,10.544418325160676,10.65768148407465,22.73853995588259,5.307276253528664,93.92126397316612,0.072633452733471,0.0704786295927636,-18.00060163566775,21.539274961105562,23.7,16.0
98,c4d_140217_080925_ori.fits.fz 38fe420e7a0de5577542c665155eb379,56705.3390804422,z,30,237.636138409453,5.24221791138108,Pal5-F10-slew,CTIO-4m/DECam,https://astroarchive.noirlab.edu/api/retrieve/38fe420e7a0de5577542c665155eb379,,2456705.83908,+15:50:32.9774,+05:14:30.718,10.544418325160676,10.65768148407465,22.73853995588259,5.307276253528664,93.92126397316612,0.072633452733471,0.0704786295927636,-18.00060163566775,21.539274961105562,23.7,16.0
99,c4d_140217_080925_ooi_z_ls11.fits.fz 1b67f59e1fba05a5e3acdae65d968d89,56705.3390804422,z,30,237.636138409453,5.24221791138108,Pal5-F10-slew,CTIO-4m/DECam,https://astroarchive.noirlab.edu/api/retrieve/1b67f59e1fba05a5e3acdae65d968d89,,2456705.83908,+15:50:32.9774,+05:14:30.718,10.544418325160676,10.65768148407465,22.73853995588259,5.307276253528664,93.92126397316612,0.072633452733471,0.0704786295927636,-18.00060163566775,21.539274961105562,23.7,16.0
100,tu2188149.fits.fz 49a40b68a980d1047580d3ae8e5cadef,56705.3413215446,z,300,237.636203214664,5.24228122252378,Pal5-F10-z300,CTIO-4m/DECam,https://astroarchive.noirlab.edu/api/retrieve/49a40b68a980d1047580d3ae8e5cadef,,2456705.841322,+15:50:32.9931,+05:14:30.946,10.54439501761903,10.657692440175904,22.738532588434555,5.307260532555479,93.92326654996351,0.072624814798907,0.0704808089877434,-18.000513419999475,21.53927047890077,23.7,16.0
101,tu2188354.fits.fz f71b4811773a06d2eda7615f9f5b5370,56705.3413215446,z,300,237.636203214664,5.24228122252378,Pal5-F10-z300,CTIO-4m/DECam,https://astroarchive.noirlab.edu/api/retrieve/f71b4811773a06d2eda7615f9f5b5370,,2456705.841322,+15:50:32.9931,+05:14:30.946,10.54439501761903,10.657692440175904,22.738532588434555,5.307260532555479,93.92326654996351,0.072624814798907,0.0704808089877434,-18.000513419999475,21.53927047890077,23.7,16.0
102,c4d_140217_081452_ori.fits.fz 5e78c50bec2f59628b75c2d13ed57d8d,56705.3413215446,z,300,237.636203214664,5.24228122252378,Pal5-F10-z300,CTIO-4m/DECam,https://astroarchive.noirlab.edu/api/retrieve/5e78c50bec2f59628b75c2d13ed57d8d,,2456705.841322,+15:50:32.9931,+05:14:30.946,10.54439501761903,10.657692440175904,22.738532588434555,5.307260532555479,93.92326654996351,0.072624814798907,0.0704808089877434,-18.000513419999475,21.53927047890077,23.7,16.0
103,c4d_140217_081452_ooi_z_ls11.fits.fz d9bfc52d4d104f75546773ebfaa6d027,56705.3413215446,z,300,237.636203214664,5.24228122252378,Pal5-F10-z300,CTIO-4m/DECam,https://astroarchive.noirlab.edu/api/retrieve/d9bfc52d4d104f75546773ebfaa6d027,,2456705.841322,+15:50:32.9931,+05:14:30.946,10.54439501761903,10.657692440175904,22.738532588434555,5.307260532555479,93.92326654996351,0.072624814798907,0.0704808089877434,-18.000513419999475,21.53927047890077,23.7,16.0
104,tu2187957.fits.fz 1f9349a282dc999b45303d5869bdc6c1,56705.3451183954,z,300,237.636313006934,5.242388483559,Pal5-F10-z300,CTIO-4m/DECam,https://astroarchive.noirlab.edu/api/retrieve/1f9349a282dc999b45303d5869bdc6c1,,2456705.845118,+15:50:33.0197,+05:14:31.331,10.544355555160193,10.657710990294005,22.73852011443508,5.30723390036293,93.9266571806881,0.0726101894885869,0.0704844986885012,-18.000363975877036,21.53926288519916,23.7,16.0
105,tu2187980.fits.fz 147357bf7b59eedab8686b4ac909a587,56705.3451183954,z,300,237.636313006934,5.242388483559,Pal5-F10-z300,CTIO-4m/DECam,https://astroarchive.noirlab.edu/api/retrieve/147357bf7b59eedab8686b4ac909a587,,2456705.845118,+15:50:33.0197,+05:14:31.331,10.544355555160193,10.657710990294005,22.73852011443508,5.30723390036293,93.9266571806881,0.0726101894885869,0.0704844986885012,-18.000363975877036,21.53926288519916,23.7,16.0
106,c4d_140217_082023_ori.fits.fz 0d26a9462bdf5d29ad1ecf3274a2a8f3,56705.3451183954,z,300,237.636313006934,5.242388483559,Pal5-F10-z300,CTIO-4m/DECam,https://astroarchive.noirlab.edu/api/retrieve/0d26a9462bdf5d29ad1ecf3274a2a8f3,,2456705.845118,+15:50:33.0197,+05:14:31.331,10.544355555160193,10.657710990294005,22.73852011443508,5.30723390036293,93.9266571806881,0.0726101894885869,0.0704844986885012,-18.000363975877036,21.53926288519916,23.7,16.0
107,c4d_140217_082023_ooi_z_ls11.fits.fz 7ec937afc70c482f068582117adada3b,56705.3451183954,z,300,237.636313006934,5.242388483559,Pal5-F10-z300,CTIO-4m/DECam,https://astroarchive.noirlab.edu/api/retrieve/7ec937afc70c482f068582117adada3b,,2456705.845118,+15:50:33.0197,+05:14:31.331,10.544355555160193,10.657710990294005,22.73852011443508,5.30723390036293,93.9266571806881,0.0726101894885869,0.0704844986885012,-18.000363975877036,21.53926288519916,23.7,16.0
108,tu2188220.fits.fz cdf50b393656729c6e201afea63303d6,56705.3489257082,z,300,237.636423101728,5.24249604014544,Pal5-F10-z300,CTIO-4m/DECam,https://astroarchive.noirlab.edu/api/retrieve/cdf50b393656729c6e201afea63303d6,,2456705.848926,+15:50:33.0463,+05:14:31.718,10.544315968284986,10.657729599056864,22.7385076010728,5.307207165630549,93.9300585372423,0.0725955177484482,0.0704881996735079,-18.00021395391908,21.539255270573573,23.7,16.0
109,tu2188473.fits.fz 61b9bd1293b85a4df71d60bdfb61ae68,56705.3489257082,z,300,237.636423101728,5.24249604014544,Pal5-F10-z300,CTIO-4m/DECam,https://astroarchive.noirlab.edu/api/retrieve/61b9bd1293b85a4df71d60bdfb61ae68,,2456705.848926,+15:50:33.0463,+05:14:31.718,10.544315968284986,10.657729599056864,22.7385076010728,5.307207165630549,93.9300585372423,0.0725955177484482,0.0704881996735079,-18.00021395391908,21.539255270573573,23.7,16.0
110,c4d_140217_082550_ori.fits.fz af84021a324bf743cc83211a3f4feffe,56705.3489257082,z,300,237.636423101728,5.24249604014544,Pal5-F10-z300,CTIO-4m/DECam,https://astroarchive.noirlab.edu/api/retrieve/af84021a324bf743cc83211a3f4feffe,,2456705.848926,+15:50:33.0463,+05:14:31.718,10.544315968284986,10.657729599056864,22.7385076010728,5.307207165630549,93.9300585372423,0.0725955177484482,0.0704881996735079,-18.00021395391908,21.539255270573573,23.7,16.0
111,c4d_140217_082550_ooi_z_ls11.fits.fz c531f9ac901b774fb6f60793bad2cb16,56705.3489257082,z,300,237.636423101728,5.24249604014544,Pal5-F10-z300,CTIO-4m/DECam,https://astroarchive.noirlab.edu/api/retrieve/c531f9ac901b774fb6f60793bad2cb16,,2456705.848926,+15:50:33.0463,+05:14:31.718,10.544315968284986,10.657729599056864,22.7385076010728,5.307207165630549,93.9300585372423,0.0725955177484482,0.0704881996735079,-18.00021395391908,21.539255270573573,23.7,16.0
112,tu2187920.fits.fz b3f4b890fa6203ea5234aa0466eda9df,56705.3527602583,z,300,237.636533984136,5.24260436618581,Pal5-F10-z300,CTIO-4m/DECam,https://astroarchive.noirlab.edu/api/retrieve/b3f4b890fa6203ea5234aa0466eda9df,,2456705.85276,+15:50:33.0732,+05:14:32.107,10.544276111447706,10.657748334884133,22.73849500234037,5.307180229786022,93.93348312565436,0.0725807456313158,0.0704919255446175,-18.000062800948392,21.53924760147337,23.7,16.0
113,tu2188266.fits.fz b1db3e38effc22fd15dd17b7dd73bb8d,56705.3527602583,z,300,237.636533984136,5.24260436618581,Pal5-F10-z300,CTIO-4m/DECam,https://astroarchive.noirlab.edu/api/retrieve/b1db3e38effc22fd15dd17b7dd73bb8d,,2456705.85276,+15:50:33.0732,+05:14:32.107,10.544276111447706,10.657748334884133,22.73849500234037,5.307180229786022,93.93348312565436,0.0725807456313158,0.0704919255446175,-18.000062800948392,21.53924760147337,23.7,16.0
114,c4d_140217_083122_ori.fits.fz 9f50f3be69045fa2d38740d66b807ac7,56705.3527602583,z,300,237.636533984136,5.24260436618581,Pal5-F10-z300,CTIO-4m/DECam,https://astroarchive.noirlab.edu/api/retrieve/9f50f3be69045fa2d38740d66b807ac7,,2456705.85276,+15:50:33.0732,+05:14:32.107,10.544276111447706,10.657748334884133,22.73849500234037,5.307180229786022,93.93348312565436,0.0725807456313158,0.0704919255446175,-18.000062800948392,21.53924760147337,23.7,16.0
115,c4d_140217_083122_ooi_z_ls11.fits.fz eeeed89505ca80378711a74e7e995d02,56705.3527602583,z,300,237.636533984136,5.24260436618581,Pal5-F10-z300,CTIO-4m/DECam,https://astroarchive.noirlab.edu/api/retrieve/eeeed89505ca80378711a74e7e995d02,,2456705.85276,+15:50:33.0732,+05:14:32.107,10.544276111447706,10.657748334884133,22.73849500234037,5.307180229786022,93.93348312565436,0.0725807456313158,0.0704919255446175,-18.000062800948392,21.53924760147337,23.7,16.0
116,tu2188003.fits.fz 5c88656623a74550b724d0e46443be28,56705.355033714,z,30,237.636599724896,5.2426685913093,Pal5-F11-slew,CTIO-4m/DECam,https://astroarchive.noirlab.edu/api/retrieve/5c88656623a74550b724d0e46443be28,,2456705.855034,+15:50:33.0891,+05:14:32.338,10.544252471954046,10.657759447369974,22.738487529887838,5.307164244953838,93.93551430096365,0.0725719839857985,0.0704941352292881,-17.999973099419453,21.53924305456197,23.7,16.0
117,tu2188077.fits.fz 0dd82075a7fa9ff67453bc59764968d3,56705.355033714,z,30,237.636599724896,5.2426685913093,Pal5-F11-slew,CTIO-4m/DECam,https://astroarchive.noirlab.edu/api/retrieve/0dd82075a7fa9ff67453bc59764968d3,,2456705.855034,+15:50:33.0891,+05:14:32.338,10.544252471954046,10.657759447369974,22.738487529887838,5.307164244953838,93.93551430096365,0.0725719839857985,0.0704941352292881,-17.999973099419453,21.53924305456197,23.7,16.0
118,c4d_140217_083223_ori.fits.fz fc0da4de57fd78618ead1a319e2a39be,56705.355033714,z,30,237.636599724896,5.2426685913093,Pal5-F11-slew,CTIO-4m/DECam,https://astroarchive.noirlab.edu/api/retrieve/fc0da4de57fd78618ead1a319e2a39be,,2456705.855034,+15:50:33.0891,+05:14:32.338,10.544252471954046,10.657759447369974,22.738487529887838,5.307164244953838,93.93551430096365,0.0725719839857985,0.0704941352292881,-17.999973099419453,21.53924305456197,23.7,16.0
119,c4d_140217_083223_ooi_z_ls11.fits.fz d58b0afe19df9cf8aefdd74fecbcf998,56705.355033714,z,30,237.636599724896,5.2426685913093,Pal5-F11-slew,CTIO-4m/DECam,https://astroarchive.noirlab.edu/api/retrieve/d58b0afe19df9cf8aefdd74fecbcf998,,2456705.855034,+15:50:33.0891,+05:14:32.338,10.544252471954046,10.657759447369974,22.738487529887838,5.307164244953838,93.93551430096365,0.0725719839857985,0.0704941352292881,-17.999973099419453,21.53924305456197,23.7,16.0
120,tu2188002.fits.fz fce842cdfe7113561391ed5114dc63cb,56705.3572770756,z,300,237.636664595436,5.24273196627459,Pal5-F11-z300,CTIO-4m/DECam,https://astroarchive.noirlab.edu/api/retrieve/fce842cdfe7113561391ed5114dc63cb,,2456705.857277,+15:50:33.1048,+05:14:32.565,10.544229154833284,10.6577704083705,22.73848015932524,5.307148471608068,93.93751778961638,0.0725633417114176,0.0704963146584165,-17.999884583826756,21.539238567838765,23.7,16.0
121,tu2188121.fits.fz f4c3e2c35eea2e6f33c071feed6e0434,56705.3572770756,z,300,237.636664595436,5.24273196627459,Pal5-F11-z300,CTIO-4m/DECam,https://astroarchive.noirlab.edu/api/retrieve/f4c3e2c35eea2e6f33c071feed6e0434,,2456705.857277,+15:50:33.1048,+05:14:32.565,10.544229154833284,10.6577704083705,22.73848015932524,5.307148471608068,93.93751778961638,0.0725633417114176,0.0704963146584165,-17.999884583826756,21.539238567838765,23.7,16.0
122,c4d_140217_083751_ori.fits.fz 190c02c873a728077c29252562a61019,56705.3572770756,z,300,237.636664595436,5.24273196627459,Pal5-F11-z300,CTIO-4m/DECam,https://astroarchive.noirlab.edu/api/retrieve/190c02c873a728077c29252562a61019,,2456705.857277,+15:50:33.1048,+05:14:32.565,10.544229154833284,10.6577704083705,22.73848015932524,5.307148471608068,93.93751778961638,0.0725633417114176,0.0704963146584165,-17.999884583826756,21.539238567838765,23.7,16.0
123,c4d_140217_083751_ooi_z_ls11.fits.fz b319b5f86211d5dc2f15bcf5306c570c,56705.3572770756,z,300,237.636664595436,5.24273196627459,Pal5-F11-z300,CTIO-4m/DECam,https://astroarchive.noirlab.edu/api/retrieve/b319b5f86211d5dc2f15bcf5306c570c,,2456705.857277,+15:50:33.1048,+05:14:32.565,10.544229154833284,10.6577704083705,22.73848015932524,5.307148471608068,93.93751778961638,0.0725633417114176,0.0704963146584165,-17.999884583826756,21.539238567838765,23.7,16.0
124,tu2188222.fits.fz 5b3576153d106dab76bd17dee3e12fb1,56705.3610839549,z,300,237.636774677696,5.24283951061482,Pal5-F11-z300,CTIO-4m/DECam,https://astroarchive.noirlab.edu/api/retrieve/5b3576153d106dab76bd17dee3e12fb1,,2456705.861084,+15:50:33.1314,+05:14:32.952,10.544189579400925,10.657789012267546,22.738467649468067,5.307121685217737,93.9409182779426,0.0725486731904643,0.070500013459213,-17.999734264171874,21.539230954080168,23.7,16.0
125,tu2188267.fits.fz f3925bba034b17b70d04f706290e9f5a,56705.3610839549,z,300,237.636774677696,5.24283951061482,Pal5-F11-z300,CTIO-4m/DECam,https://astroarchive.noirlab.edu/api/retrieve/f3925bba034b17b70d04f706290e9f5a,,2456705.861084,+15:50:33.1314,+05:14:32.952,10.544189579400925,10.657789012267546,22.738467649468067,5.307121685217737,93.9409182779426,0.0725486731904643,0.070500013459213,-17.999734264171874,21.539230954080168,23.7,16.0
126,c4d_140217_084320_ori.fits.fz a20855aa47f76f2e46b14017fe7af656,56705.3610839549,z,300,237.636774677696,5.24283951061482,Pal5-F11-z300,CTIO-4m/DECam,https://astroarchive.noirlab.edu/api/retrieve/a20855aa47f76f2e46b14017fe7af656,,2456705.861084,+15:50:33.1314,+05:14:32.952,10.544189579400925,10.657789012267546,22.738467649468067,5.307121685217737,93.9409182779426,0.0725486731904643,0.070500013459213,-17.999734264171874,21.539230954080168,23.7,16.0
127,c4d_140217_084320_ooi_z_ls11.fits.fz e70c63b18b954b68153faa9c3d61655f,56705.3610839549,z,300,237.636774677696,5.24283951061482,Pal5-F11-z300,CTIO-4m/DECam,https://astroarchive.noirlab.edu/api/retrieve/e70c63b18b954b68153faa9c3d61655f,,2456705.861084,+15:50:33.1314,+05:14:32.952,10.544189579400925,10.657789012267546,22.738467649468067,5.307121685217737,93.9409182779426,0.0725486731904643,0.070500013459213,-17.999734264171874,21.539230954080168,23.7,16.0
128,tu2187895.fits.fz e89e191b6c4b56fa74dad37245e92271,56705.3648790192,z,300,237.636884418305,5.24294672118134,Pal5-F11-z300,CTIO-4m/DECam,https://astroarchive.noirlab.edu/api/retrieve/e89e191b6c4b56fa74dad37245e92271,,2456705.864879,+15:50:33.1579,+05:14:33.337,10.544150129048653,10.657807557526237,22.738455179114062,5.307094964979392,93.94430805472216,0.0725340507115039,0.0705037002224615,-17.999584313312923,21.539223363951564,23.7,16.0
129,tu2188474.fits.fz 4cc4f888bf84d8e7149b705a6dbbaa1b,56705.3648790192,z,300,237.636884418305,5.24294672118134,Pal5-F11-z300,CTIO-4m/DECam,https://astroarchive.noirlab.edu/api/retrieve/4cc4f888bf84d8e7149b705a6dbbaa1b,,2456705.864879,+15:50:33.1579,+05:14:33.337,10.544150129048653,10.657807557526237,22.738455179114062,5.307094964979392,93.94430805472216,0.0725340507115039,0.0705037002224615,-17.999584313312923,21.539223363951564,23.7,16.0
130,c4d_140217_084848_ori.fits.fz 02a1f2b7475fcf844a3313f7a5ad2298,56705.3648790192,z,300,237.636884418305,5.24294672118134,Pal5-F11-z300,CTIO-4m/DECam,https://astroarchive.noirlab.edu/api/retrieve/02a1f2b7475fcf844a3313f7a5ad2298,,2456705.864879,+15:50:33.1579,+05:14:33.337,10.544150129048653,10.657807557526237,22.738455179114062,5.307094964979392,93.94430805472216,0.0725340507115039,0.0705037002224615,-17.999584313312923,21.539223363951564,23.7,16.0
131,c4d_140217_084848_ooi_z_ls11.fits.fz f41f03198e3c3880d5fd11cf759bef01,56705.3648790192,z,300,237.636884418305,5.24294672118134,Pal5-F11-z300,CTIO-4m/DECam,https://astroarchive.noirlab.edu/api/retrieve/f41f03198e3c3880d5fd11cf759bef01,,2456705.864879,+15:50:33.1579,+05:14:33.337,10.544150129048653,10.657807557526237,22.738455179114062,5.307094964979392,93.94430805472216,0.0725340507115039,0.0705037002224615,-17.999584313312923,21.539223363951564,23.7,16.0
132,tu2188053.fits.fz 01dcb9687d7269679e6a9ba067643cf2,56705.3687090867,z,300,237.63699517109,5.24305492058823,Pal5-F11-z300,CTIO-4m/DECam,https://astroarchive.noirlab.edu/api/retrieve/01dcb9687d7269679e6a9ba067643cf2,,2456705.868709,+15:50:33.1847,+05:14:33.726,10.544110315192086,10.657826273827276,22.738442593820203,5.30706797979984,93.94772910197732,0.0725192931752117,0.0705074206047861,-17.99943287316767,21.539215703816563,23.7,16.0
133,tu2188310.fits.fz 13ac4f8e3296f6bc3f0058c289259a3c,56705.3687090867,z,300,237.63699517109,5.24305492058823,Pal5-F11-z300,CTIO-4m/DECam,https://astroarchive.noirlab.edu/api/retrieve/13ac4f8e3296f6bc3f0058c289259a3c,,2456705.868709,+15:50:33.1847,+05:14:33.726,10.544110315192086,10.657826273827276,22.738442593820203,5.30706797979984,93.94772910197732,0.0725192931752117,0.0705074206047861,-17.99943287316767,21.539215703816563,23.7,16.0
134,c4d_140217_085420_ori.fits.fz d73cbcb13c00a4aae91f607206ff2f56,56705.3687090867,z,300,237.63699517109,5.24305492058823,Pal5-F11-z300,CTIO-4m/DECam,https://astroarchive.noirlab.edu/api/retrieve/d73cbcb13c00a4aae91f607206ff2f56,,2456705.868709,+15:50:33.1847,+05:14:33.726,10.544110315192086,10.657826273827276,22.738442593820203,5.30706797979984,93.94772910197732,0.0725192931752117,0.0705074206047861,-17.99943287316767,21.539215703816563,23.7,16.0
135,c4d_140217_085420_ooi_z_ls11.fits.fz 72781541b693ab9d30f508ab397d430f,56705.3687090867,z,300,237.63699517109,5.24305492058823,Pal5-F11-z300,CTIO-4m/DECam,https://astroarchive.noirlab.edu/api/retrieve/72781541b693ab9d30f508ab397d430f,,2456705.868709,+15:50:33.1847,+05:14:33.726,10.544110315192086,10.657826273827276,22.738442593820203,5.30706797979984,93.94772910197732,0.0725192931752117,0.0705074206047861,-17.99943287316767,21.539215703816563,23.7,16.0
165,c4d_140810_232357_ori.fits.fz fa157e2c87d950fb543cd5f80ba37f71,56879.9737018701,z,114,232.062590215437,5.75259498762765,DECaLS_6_z,CTIO-4m/DECam,https://astroarchive.noirlab.edu/api/retrieve/fa157e2c87d950fb543cd5f80ba37f71,,2456880.473702,+15:28:15.2897,+05:45:08.176,11.470976559533982,11.515421404856394,23.27240310062141,5.049438194071672,89.98612345224016,0.0442668661282737,-0.1096575630876609,34.57753562314737,21.873485704375575,23.7,16.0
166,c4d_140810_232357_ooi_z_v1.fits.fz ffd30e296b5e3548f58be264da4348b8,56879.9737018701,z,114,232.062590215437,5.75259498762765,DECaLS_6_z,CTIO-4m/DECam,https://astroarchive.noirlab.edu/api/retrieve/ffd30e296b5e3548f58be264da4348b8,,2456880.473702,+15:28:15.2897,+05:45:08.176,11.470976559533982,11.515421404856394,23.27240310062141,5.049438194071672,89.98612345224016,0.0442668661282737,-0.1096575630876609,34.57753562314737,21.873485704375575,23.7,16.0
167,c4d_140810_232357_ooi_z_v2.fits.fz d0b7aec6376b95e0813726c252314396,56879.9737018701,z,114,232.062590215437,5.75259498762765,DECaLS_6_z,CTIO-4m/DECam,https://astroarchive.noirlab.edu/api/retrieve/d0b7aec6376b95e0813726c252314396,,2456880.473702,+15:28:15.2897,+05:45:08.176,11.470976559533982,11.515421404856394,23.27240310062141,5.049438194071672,89.98612345224016,0.0442668661282737,-0.1096575630876609,34.57753562314737,21.873485704375575,23.7,16.0
168,c4d_140810_232357_ooi_z_ls9.fits.fz 1d0e556468082976ebc010646605dcd0,56879.9737018701,z,114,232.062590215437,5.75259498762765,DECaLS_6_z,CTIO-4m/DECam,https://astroarchive.noirlab.edu/api/retrieve/1d0e556468082976ebc010646605dcd0,,2456880.473702,+15:28:15.2897,+05:45:08.176,11.470976559533982,11.515421404856394,23.27240310062141,5.049438194071672,89.98612345224016,0.0442668661282737,-0.1096575630876609,34.57753562314737,21.873485704375575,23.7,16.0
169,c4d_140810_232621_ori.fits.fz f3f24bcc0d0f7e3ab3cad6e50ff9cf24,56879.9753392902,z,113,232.062618324482,5.75252335049826,DECaLS_44_z,CTIO-4m/DECam,https://astroarchive.noirlab.edu/api/retrieve/f3f24bcc0d0f7e3ab3cad6e50ff9cf24,,2456880.475339,+15:28:15.2966,+05:45:07.917,11.471009249916714,11.515429474446734,23.272416998965696,5.049433271978894,89.98473476821032,0.0442722401251164,-0.1096585059176544,34.57755137141013,21.87349389147608,23.7,16.0
170,c4d_140810_232621_ooi_z_v1.fits.fz c8a03ad5dd72769e335159a5c1ca1b85,56879.9753392902,z,113,232.062618324482,5.75252335049826,DECaLS_44_z,CTIO-4m/DECam,https://astroarchive.noirlab.edu/api/retrieve/c8a03ad5dd72769e335159a5c1ca1b85,,2456880.475339,+15:28:15.2966,+05:45:07.917,11.471009249916714,11.515429474446734,23.272416998965696,5.049433271978894,89.98473476821032,0.0442722401251164,-0.1096585059176544,34.57755137141013,21.87349389147608,23.7,16.0
171,c4d_140810_232621_ooi_z_v2.fits.fz a8f0caf6255c03b477f392abf1f8f3d3,56879.9753392902,z,113,232.062618324482,5.75252335049826,DECaLS_44_z,CTIO-4m/DECam,https://astroarchive.noirlab.edu/api/retrieve/a8f0caf6255c03b477f392abf1f8f3d3,,2456880.475339,+15:28:15.2966,+05:45:07.917,11.471009249916714,11.515429474446734,23.272416998965696,5.049433271978894,89.98473476821032,0.0442722401251164,-0.1096585059176544,34.57755137141013,21.87349389147608,23.7,16.0
172,c4d_140810_232621_ooi_z_ls9.fits.fz c94f553526c944d561da9542da616562,56879.9753392902,z,113,232.062618324482,5.75252335049826,DECaLS_44_z,CTIO-4m/DECam,https://astroarchive.noirlab.edu/api/retrieve/c94f553526c944d561da9542da616562,,2456880.475339,+15:28:15.2966,+05:45:07.917,11.471009249916714,11.515429474446734,23.272416998965696,5.049433271978894,89.98473476821032,0.0442722401251164,-0.1096585059176544,34.57755137141013,21.87349389147608,23.7,16.0
173,c4d_140810_235410_ori.fits.fz 9b36aaaf03822c86b2dd8aa9ae0a3369,56879.9946920148,z,115,232.062950546254,5.75167666879696,DECaLS_33_z,CTIO-4m/DECam,https://astroarchive.noirlab.edu/api/retrieve/9b36aaaf03822c86b2dd8aa9ae0a3369,,2456880.494692,+15:28:15.3794,+05:45:04.861,11.471395724423456,11.515524875066934,23.272581306132786,5.049374854639839,89.96831752807029,0.0443357707280854,-0.1096696474841468,34.5777363059364,21.873590655099083,23.7,16.0
174,c4d_140810_235410_ooi_z_v1.fits.fz 6c51b9b246ed9b02464de3ae43feb7e1,56879.9946920148,z,115,232.062950546254,5.75167666879696,DECaLS_33_z,CTIO-4m/DECam,https://astroarchive.noirlab.edu/api/retrieve/6c51b9b246ed9b02464de3ae43feb7e1,,2456880.494692,+15:28:15.3794,+05:45:04.861,11.471395724423456,11.515524875066934,23.272581306132786,5.049374854639839,89.96831752807029,0.0443357707280854,-0.1096696474841468,34.5777363059364,21.873590655099083,23.7,16.0
175,c4d_140810_235410_ooi_z_v2.fits.fz 35a05d7dc2c9acbcb6c14972f70501ac,56879.9946920148,z,115,232.062950546254,5.75167666879696,DECaLS_33_z,CTIO-4m/DECam,https://astroarchive.noirlab.edu/api/retrieve/35a05d7dc2c9acbcb6c14972f70501ac,,2456880.494692,+15:28:15.3794,+05:45:04.861,11.471395724423456,11.515524875066934,23.272581306132786,5.049374854639839,89.96831752807029,0.0443357707280854,-0.1096696474841468,34.5777363059364,21.873590655099083,23.7,16.0
176,c4d_140810_235410_ooi_z_ls9.fits.fz e7918903a8bef01e08fdb80128ef258b,56879.9946920148,z,115,232.062950546254,5.75167666879696,DECaLS_33_z,CTIO-4m/DECam,https://astroarchive.noirlab.edu/api/retrieve/e7918903a8bef01e08fdb80128ef258b,,2456880.494692,+15:28:15.3794,+05:45:04.861,11.471395724423456,11.515524875066934,23.272581306132786,5.049374854639839,89.96831752807029,0.0443357707280854,-0.1096696474841468,34.5777363059364,21.873590655099083,23.7,16.0
177,c4d_140813_004428_ori.fits.fz bf8756191c7094c6a06fa1523a911d7d,56882.0299060502,r,65,232.101965098643,5.66192167293694,DECaLS_6_r,CTIO-4m/DECam,https://astroarchive.noirlab.edu/api/retrieve/bf8756191c7094c6a06fa1523a911d7d,,2456882.529906,+15:28:24.7380,+05:39:41.791,11.51204491147104,11.525557747446491,23.289834507516275,5.040898577341347,88.24296082448203,0.0509972162050609,-0.1107923220850791,34.58430962818371,21.88321338022087,23.7,16.0
178,c4d_140813_004428_ooi_r_v1.fits.fz 1384598ecb89ceb01e0094feb9fdf124,56882.0299060502,r,65,232.101965098643,5.66192167293694,DECaLS_6_r,CTIO-4m/DECam,https://astroarchive.noirlab.edu/api/retrieve/1384598ecb89ceb01e0094feb9fdf124,,2456882.529906,+15:28:24.7380,+05:39:41.791,11.51204491147104,11.525557747446491,23.289834507516275,5.040898577341347,88.24296082448203,0.0509972162050609,-0.1107923220850791,34.58430962818371,21.88321338022087,23.7,16.0
179,c4d_140813_004428_ooi_r_v2.fits.fz 98d5ecd0ce44c7682a4f974a61c55be1,56882.0299060502,r,65,232.101965098643,5.66192167293694,DECaLS_6_r,CTIO-4m/DECam,https://astroarchive.noirlab.edu/api/retrieve/98d5ecd0ce44c7682a4f974a61c55be1,,2456882.529906,+15:28:24.7380,+05:39:41.791,11.51204491147104,11.525557747446491,23.289834507516275,5.040898577341347,88.24296082448203,0.0509972162050609,-0.1107923220850791,34.58430962818371,21.88321338022087,23.7,16.0
180,c4d_140813_004428_ooi_r_ls9.fits.fz b93bbf4cc52e60910ab603602912ee2d,56882.0299060502,r,65,232.101965098643,5.66192167293694,DECaLS_6_r,CTIO-4m/DECam,https://astroarchive.noirlab.edu/api/retrieve/b93bbf4cc52e60910ab603602912ee2d,,2456882.529906,+15:28:24.7380,+05:39:41.791,11.51204491147104,11.525557747446491,23.289834507516275,5.040898577341347,88.24296082448203,0.0509972162050609,-0.1107923220850791,34.58430962818371,21.88321338022087,23.7,16.0
184,c4d_160410_074758_ori.fits.fz 6e3ea0bed8e41621c873d20b3a382d30,57488.3237486157,r,107,251.571306444491,-0.0626305477117991,DECaLS_15097_r,CTIO-4m/DECam,https://astroarchive.noirlab.edu/api/retrieve/6e3ea0bed8e41621c873d20b3a382d30,,2457488.823749,+16:46:17.4239,-00:03:46.755,13.88296501607208,14.50916580067122,24.60303451048924,3.158227117840856,127.08227182601904,-0.0686232971771953,0.0485923858064353,-12.446838604935705,22.74,23.7,16.0
185,c4d_160410_074758_oki_r_v1.fits.fz 359967aa1bff27770dfd7720f409d0af,57488.3237486157,r,107,251.571306444491,-0.0626305477117991,DECaLS_15097_r,CTIO-4m/DECam,https://astroarchive.noirlab.edu/api/retrieve/359967aa1bff27770dfd7720f409d0af,,2457488.823749,+16:46:17.4239,-00:03:46.755,13.88296501607208,14.50916580067122,24.60303451048924,3.158227117840856,127.08227182601904,-0.0686232971771953,0.0485923858064353,-12.446838604935705,22.74,23.7,16.0
186,c4d_160410_074758_ooi_r_v1.fits.fz b3e9e68b0c2a3e332c39ef2aa7b952aa,57488.3237486157,r,107,251.571306444491,-0.0626305477117991,DECaLS_15097_r,CTIO-4m/DECam,https://astroarchive.noirlab.edu/api/retrieve/b3e9e68b0c2a3e332c39ef2aa7b952aa,,2457488.823749,+16:46:17.4239,-00:03:46.755,13.88296501607208,14.50916580067122,24.60303451048924,3.158227117840856,127.08227182601904,-0.0686232971771953,0.0485923858064353,-12.446838604935705,22.74,23.7,16.0
187,c4d_160410_074758_opi_r_v1.fits.fz b11ca4a6f4c3fad4d4b5e43ecc0376bf,57488.3237486157,r,107,251.571306444491,-0.0626305477117991,DECaLS_15097_r,CTIO-4m/DECam,https://astroarchive.noirlab.edu/api/retrieve/b11ca4a6f4c3fad4d4b5e43ecc0376bf,,2457488.823749,+16:46:17.4239,-00:03:46.755,13.88296501607208,14.50916580067122,24.60303451048924,3.158227117840856,127.08227182601904,-0.0686232971771953,0.0485923858064353,-12.446838604935705,22.74,23.7,16.0
188,c4d_160410_074758_ooi_r_ls9.fits.fz 741899af96a36c0b74ff9e7453daf228,57488.3237486157,r,107,251.571306444491,-0.0626305477117991,DECaLS_15097_r,CTIO-4m/DECam,https://astroarchive.noirlab.edu/api/retrieve/741899af96a36c0b74ff9e7453daf228,,2457488.823749,+16:46:17.4239,-00:03:46.755,13.88296501607208,14.50916580067122,24.60303451048924,3.158227117840856,127.08227182601904,-0.0686232971771953,0.0485923858064353,-12.446838604935705,22.74,23.7,16.0
189,c4d_160526_054136_ori.fits.fz d9128d0921a20995f0360705c2503487,57534.2364650485,r,30,249.543740740091,0.545846935086113,SDSS_J163800,CTIO-4m/DECam,https://astroarchive.noirlab.edu/api/retrieve/d9128d0921a20995f0360705c2503487,,2457534.736465,+16:38:10.7957,+00:32:43.749,13.792152790253295,14.73284247068605,24.60775332261082,1.5118748714915915,157.43775452433172,-0.1348765159823954,0.0119298960669879,6.872665105468908,22.755519808107042,23.7,16.0
190,c4d_160526_054136_oki_r_v1.fits.fz 22aff31d8bee121b00878b55fa373462,57534.2364650485,r,30,249.543740740091,0.545846935086113,SDSS_J163800,CTIO-4m/DECam,https://astroarchive.noirlab.edu/api/retrieve/22aff31d8bee121b00878b55fa373462,,2457534.736465,+16:38:10.7957,+00:32:43.749,13.792152790253295,14.73284247068605,24.60775332261082,1.5118748714915915,157.43775452433172,-0.1348765159823954,0.0119298960669879,6.872665105468908,22.755519808107042,23.7,16.0
191,c4d_160526_054136_ooi_r_v1.fits.fz e170bd2982089424a99c34d3349e1f36,57534.2364650485,r,30,249.543740740091,0.545846935086113,SDSS_J163800,CTIO-4m/DECam,https://astroarchive.noirlab.edu/api/retrieve/e170bd2982089424a99c34d3349e1f36,,2457534.736465,+16:38:10.7957,+00:32:43.749,13.792152790253295,14.73284247068605,24.60775332261082,1.5118748714915915,157.43775452433172,-0.1348765159823954,0.0119298960669879,6.872665105468908,22.755519808107042,23.7,16.0
192,c4d_160526_054136_opi_r_v1.fits.fz 25ddd5e718b08ee7593765bb034f0e9a,57534.2364650485,r,30,249.543740740091,0.545846935086113,SDSS_J163800,CTIO-4m/DECam,https://astroarchive.noirlab.edu/api/retrieve/25ddd5e718b08ee7593765bb034f0e9a,,2457534.736465,+16:38:10.7957,+00:32:43.749,13.792152790253295,14.73284247068605,24.60775332261082,1.5118748714915915,157.43775452433172,-0.1348765159823954,0.0119298960669879,6.872665105468908,22.755519808107042,23.7,16.0
193,c4d_160526_054136_ooi_r_ls10.fits.fz 9286b3ff2f1f711d9e7f95532db75be8,57534.2364650485,r,30,249.543740740091,0.545846935086113,SDSS_J163800,CTIO-4m/DECam,https://astroarchive.noirlab.edu/api/retrieve/9286b3ff2f1f711d9e7f95532db75be8,,2457534.736465,+16:38:10.7957,+00:32:43.749,13.792152790253295,14.73284247068605,24.60775332261082,1.5118748714915915,157.43775452433172,-0.1348765159823954,0.0119298960669879,6.872665105468908,22.755519808107042,23.7,16.0
194,c4d_160526_054346_ori.fits.fz 64c01dc148e77739900bb1569df0d37f,57534.237574355,r,100,249.543680883762,0.545852081035695,SDSS_J163800,CTIO-4m/DECam,https://astroarchive.noirlab.edu/api/retrieve/64c01dc148e77739900bb1569df0d37f,,2457534.737574,+16:38:10.7813,+00:32:43.768,13.792157192248684,14.732847867399222,24.60775550415476,1.5118665296913434,157.43788184640317,-0.1348767820000291,0.0119286650147382,6.873195361531635,22.755522026720037,23.7,16.0
195,c4d_160526_054346_oki_r_v1.fits.fz 0a3a27c20df376ee8d9b857911a2199e,57534.237574355,r,100,249.543680883762,0.545852081035695,SDSS_J163800,CTIO-4m/DECam,https://astroarchive.noirlab.edu/api/retrieve/0a3a27c20df376ee8d9b857911a2199e,,2457534.737574,+16:38:10.7813,+00:32:43.768,13.792157192248684,14.732847867399222,24.60775550415476,1.5118665296913434,157.43788184640317,-0.1348767820000291,0.0119286650147382,6.873195361531635,22.755522026720037,23.7,16.0
196,c4d_160526_054346_ooi_r_v1.fits.fz 7006e78c18ec91aae06bb08cc64d08f7,57534.237574355,r,100,249.543680883762,0.545852081035695,SDSS_J163800,CTIO-4m/DECam,https://astroarchive.noirlab.edu/api/retrieve/7006e78c18ec91aae06bb08cc64d08f7,,2457534.737574,+16:38:10.7813,+00:32:43.768,13.792157192248684,14.732847867399222,24.60775550415476,1.5118665296913434,157.43788184640317,-0.1348767820000291,0.0119286650147382,6.873195361531635,22.755522026720037,23.7,16.0
197,c4d_160526_054346_opi_r_v1.fits.fz 5af651593d32b52c931f442c27be25a3,57534.237574355,r,100,249.543680883762,0.545852081035695,SDSS_J163800,CTIO-4m/DECam,https://astroarchive.noirlab.edu/api/retrieve/5af651593d32b52c931f442c27be25a3,,2457534.737574,+16:38:10.7813,+00:32:43.768,13.792157192248684,14.732847867399222,24.60775550415476,1.5118665296913434,157.43788184640317,-0.1348767820000291,0.0119286650147382,6.873195361531635,22.755522026720037,23.7,16.0
198,c4d_160526_054346_ooi_r_ls10.fits.fz b80980ef40c5e5bf10c7c24370baeb92,57534.237574355,r,100,249.543680883762,0.545852081035695,SDSS_J163800,CTIO-4m/DECam,https://astroarchive.noirlab.edu/api/retrieve/b80980ef40c5e5bf10c7c24370baeb92,,2457534.737574,+16:38:10.7813,+00:32:43.768,13.792157192248684,14.732847867399222,24.60775550415476,1.5118665296913434,157.43788184640317,-0.1348767820000291,0.0119286650147382,6.873195361531635,22.755522026720037,23.7,16.0
199,c4d_160526_054553_ori.fits.fz 8be7343c04d9b4b3ea7b0783b06638a5,57534.2390577666,i,100,249.543600841344,0.545858962417288,SDSS_J163800,CTIO-4m/DECam,https://astroarchive.noirlab.edu/api/retrieve/8be7343c04d9b4b3ea7b0783b06638a5,,2457534.739058,+16:38:10.7621,+00:32:43.794,13.792163083278314,14.73285508897152,24.607758423538108,1.5118553723573822,157.43805213963896,-0.1348771378640786,0.0119270176754093,6.873904921148112,22.755524993543236,23.7,16.0
200,c4d_160526_054553_oki_i_v1.fits.fz a38ed28dfb531e154e020e56b12e97ad,57534.2390577666,i,100,249.543600841344,0.545858962417288,SDSS_J163800,CTIO-4m/DECam,https://astroarchive.noirlab.edu/api/retrieve/a38ed28dfb531e154e020e56b12e97ad,,2457534.739058,+16:38:10.7621,+00:32:43.794,13.792163083278314,14.73285508897152,24.607758423538108,1.5118553723573822,157.43805213963896,-0.1348771378640786,0.0119270176754093,6.873904921148112,22.755524993543236,23.7,16.0
201,c4d_160526_054553_ooi_i_v1.fits.fz e90439f0b54b46a7af8eeba4687af60a,57534.2390577666,i,100,249.543600841344,0.545858962417288,SDSS_J163800,CTIO-4m/DECam,https://astroarchive.noirlab.edu/api/retrieve/e90439f0b54b46a7af8eeba4687af60a,,2457534.739058,+16:38:10.7621,+00:32:43.794,13.792163083278314,14.73285508897152,24.607758423538108,1.5118553723573822,157.43805213963896,-0.1348771378640786,0.0119270176754093,6.873904921148112,22.755524993543236,23.7,16.0
202,c4d_160526_054553_opi_i_v1.fits.fz 630a5286852eaf98580289393e547914,57534.2390577666,i,100,249.543600841344,0.545858962417288,SDSS_J163800,CTIO-4m/DECam,https://astroarchive.noirlab.edu/api/retrieve/630a5286852eaf98580289393e547914,,2457534.739058,+16:38:10.7621,+00:32:43.794,13.792163083278314,14.73285508897152,24.607758423538108,1.5118553723573822,157.43805213963896,-0.1348771378640786,0.0119270176754093,6.873904921148112,22.755524993543236,23.7,16.0
203,c4d_160526_054553_ooi_i_ls10.fits.fz a582d7f5d3a8ec4be6769ebbe6223400,57534.2390577666,i,100,249.543600841344,0.545858962417288,SDSS_J163800,CTIO-4m/DECam,https://astroarchive.noirlab.edu/api/retrieve/a582d7f5d3a8ec4be6769ebbe6223400,,2457534.739058,+16:38:10.7621,+00:32:43.794,13.792163083278314,14.73285508897152,24.607758423538108,1.5118553723573822,157.43805213963896,-0.1348771378640786,0.0119270176754093,6.873904921148112,22.755524993543236,23.7,16.0
204,c4d_160526_054804_ori.fits.fz e0d29c2b017452fb2faef32880a55286,57534.2405665435,z,100,249.543519430257,0.54586596146568,SDSS_J163800,CTIO-4m/DECam,https://astroarchive.noirlab.edu/api/retrieve/e0d29c2b017452fb2faef32880a55286,,2457534.740567,+16:38:10.7426,+00:32:43.820,13.79216907417381,14.732862432200308,24.607761392297306,1.5118440331502787,157.43822520559084,-0.1348774995992706,0.0119253425661012,6.874626435755066,22.755528011097034,23.7,16.0
205,c4d_160526_054804_oki_z_v1.fits.fz fd351f8b8a78d7dce93738c86001c9e7,57534.2405665435,z,100,249.543519430257,0.54586596146568,SDSS_J163800,CTIO-4m/DECam,https://astroarchive.noirlab.edu/api/retrieve/fd351f8b8a78d7dce93738c86001c9e7,,2457534.740567,+16:38:10.7426,+00:32:43.820,13.79216907417381,14.732862432200308,24.607761392297306,1.5118440331502787,157.43822520559084,-0.1348774995992706,0.0119253425661012,6.874626435755066,22.755528011097034,23.7,16.0
206,c4d_160526_054804_ooi_z_v1.fits.fz 0ab784448d00394f4aa62acca111d2be,57534.2405665435,z,100,249.543519430257,0.54586596146568,SDSS_J163800,CTIO-4m/DECam,https://astroarchive.noirlab.edu/api/retrieve/0ab784448d00394f4aa62acca111d2be,,2457534.740567,+16:38:10.7426,+00:32:43.820,13.79216907417381,14.732862432200308,24.607761392297306,1.5118440331502787,157.43822520559084,-0.1348774995992706,0.0119253425661012,6.874626435755066,22.755528011097034,23.7,16.0
207,c4d_160526_054804_opi_z_v1.fits.fz a6181df8acda9c529b98320250f8586e,57534.2405665435,z,100,249.543519430257,0.54586596146568,SDSS_J163800,CTIO-4m/DECam,https://astroarchive.noirlab.edu/api/retrieve/a6181df8acda9c529b98320250f8586e,,2457534.740567,+16:38:10.7426,+00:32:43.820,13.79216907417381,14.732862432200308,24.607761392297306,1.5118440331502787,157.43822520559084,-0.1348774995992706,0.0119253425661012,6.874626435755066,22.755528011097034,23.7,16.0
208,c4d_160526_054804_ooi_z_ls10.fits.fz 67ebf148b902a920889f9451f52cc4a6,57534.2405665435,z,100,249.543519430257,0.54586596146568,SDSS_J163800,CTIO-4m/DECam,https://astroarchive.noirlab.edu/api/retrieve/67ebf148b902a920889f9451f52cc4a6,,2457534.740567,+16:38:10.7426,+00:32:43.820,13.79216907417381,14.732862432200308,24.607761392297306,1.5118440331502787,157.43822520559084,-0.1348774995992706,0.0119253425661012,6.874626435755066,22.755528011097034,23.7,16.0
209,c4d_160526_055016_ori.fits.fz 58c6a353306032856e8d64d432fa7011,57534.2420519994,g,100,249.543439277533,0.545872852330539,SDSS_J163800,CTIO-4m/DECam,https://astroarchive.noirlab.edu/api/retrieve/58c6a353306032856e8d64d432fa7011,,2457534.742052,+16:38:10.7234,+00:32:43.845,13.792174970399827,14.732869658636751,24.60776431403119,1.5118328802807093,157.43839542437647,-0.1348778554592423,0.0119236940808232,6.875336476384399,22.755530982008832,24.0,16.0
210,c4d_160526_055016_oki_g_v1.fits.fz 9b58d24195c35c15f85392f262f4c7bb,57534.2420519994,g,100,249.543439277533,0.545872852330539,SDSS_J163800,CTIO-4m/DECam,https://astroarchive.noirlab.edu/api/retrieve/9b58d24195c35c15f85392f262f4c7bb,,2457534.742052,+16:38:10.7234,+00:32:43.845,13.792174970399827,14.732869658636751,24.60776431403119,1.5118328802807093,157.43839542437647,-0.1348778554592423,0.0119236940808232,6.875336476384399,22.755530982008832,24.0,16.0
211,c4d_160526_055016_ooi_g_v1.fits.fz c0586eed1ff9de1acc86eff4b674a4a9,57534.2420519994,g,100,249.543439277533,0.545872852330539,SDSS_J163800,CTIO-4m/DECam,https://astroarchive.noirlab.edu/api/retrieve/c0586eed1ff9de1acc86eff4b674a4a9,,2457534.742052,+16:38:10.7234,+00:32:43.845,13.792174970399827,14.732869658636751,24.60776431403119,1.5118328802807093,157.43839542437647,-0.1348778554592423,0.0119236940808232,6.875336476384399,22.755530982008832,24.0,16.0
212,c4d_160526_055016_opi_g_v1.fits.fz 1376c5e521e1f9ad534ba82d795df747,57534.2420519994,g,100,249.543439277533,0.545872852330539,SDSS_J163800,CTIO-4m/DECam,https://astroarchive.noirlab.edu/api/retrieve/1376c5e521e1f9ad534ba82d795df747,,2457534.742052,+16:38:10.7234,+00:32:43.845,13.792174970399827,14.732869658636751,24.60776431403119,1.5118328802807093,157.43839542437647,-0.1348778554592423,0.0119236940808232,6.875336476384399,22.755530982008832,24.0,16.0
213,c4d_160526_055016_ooi_g_ls10.fits.fz d80696b1befae167e3a87c7ea554e016,57534.2420519994,g,100,249.543439277533,0.545872852330539,SDSS_J163800,CTIO-4m/DECam,https://astroarchive.noirlab.edu/api/retrieve/d80696b1befae167e3a87c7ea554e016,,2457534.742052,+16:38:10.7234,+00:32:43.845,13.792174970399827,14.732869658636751,24.60776431403119,1.5118328802807093,157.43839542437647,-0.1348778554592423,0.0119236940808232,6.875336476384399,22.755530982008832,24.0,16.0
214,c4d_160526_055112_ori.fits.fz d220d4e4d790f4950288c36eb024562e,57534.2431582863,r,30,249.543379584135,0.545877984272554,SDSS_J163800,CTIO-4m/DECam,https://astroarchive.noirlab.edu/api/retrieve/d220d4e4d790f4950288c36eb024562e,,2457534.743158,+16:38:10.7090,+00:32:43.864,13.792179362193874,14.732875040750535,24.60776649020739,1.5118245776956114,157.43852213915434,-0.1348781204184767,0.0119224663082974,6.875865302272881,22.755533194582632,23.7,16.0
215,c4d_160526_055112_oki_r_v1.fits.fz 1f1805cecdac16b6624d951f04d74f43,57534.2431582863,r,30,249.543379584135,0.545877984272554,SDSS_J163800,CTIO-4m/DECam,https://astroarchive.noirlab.edu/api/retrieve/1f1805cecdac16b6624d951f04d74f43,,2457534.743158,+16:38:10.7090,+00:32:43.864,13.792179362193874,14.732875040750535,24.60776649020739,1.5118245776956114,157.43852213915434,-0.1348781204184767,0.0119224663082974,6.875865302272881,22.755533194582632,23.7,16.0
216,c4d_160526_055112_ooi_r_v1.fits.fz 2ec15bb5e0c0a647762d28b87a5d9134,57534.2431582863,r,30,249.543379584135,0.545877984272554,SDSS_J163800,CTIO-4m/DECam,https://astroarchive.noirlab.edu/api/retrieve/2ec15bb5e0c0a647762d28b87a5d9134,,2457534.743158,+16:38:10.7090,+00:32:43.864,13.792179362193874,14.732875040750535,24.60776649020739,1.5118245776956114,157.43852213915434,-0.1348781204184767,0.0119224663082974,6.875865302272881,22.755533194582632,23.7,16.0
217,c4d_160526_055112_opi_r_v1.fits.fz f6d426a603c91d47bea21bab64cfd265,57534.2431582863,r,30,249.543379584135,0.545877984272554,SDSS_J163800,CTIO-4m/DECam,https://astroarchive.noirlab.edu/api/retrieve/f6d426a603c91d47bea21bab64cfd265,,2457534.743158,+16:38:10.7090,+00:32:43.864,13.792179362193874,14.732875040750535,24.60776649020739,1.5118245776956114,157.43852213915434,-0.1348781204184767,0.0119224663082974,6.875865302272881,22.755533194582632,23.7,16.0
218,c4d_160526_055112_ooi_r_ls10.fits.fz 97bc9de41426582eb3bffd085374c707,57534.2431582863,r,30,249.543379584135,0.545877984272554,SDSS_J163800,CTIO-4m/DECam,https://astroarchive.noirlab.edu/api/retrieve/97bc9de41426582eb3bffd085374c707,,2457534.743158,+16:38:10.7090,+00:32:43.864,13.792179362193874,14.732875040750535,24.60776649020739,1.5118245776956114,157.43852213915434,-0.1348781204184767,0.0119224663082974,6.875865302272881,22.755533194582632,23.7,16.0
219,c4d_160526_055323_ori.fits.fz eb70b7fbe5fbbd95050aab5559460711,57534.2442451895,r,100,249.54332093665,0.545883026295721,SDSS_J163800,CTIO-4m/DECam,https://astroarchive.noirlab.edu/api/retrieve/eb70b7fbe5fbbd95050aab5559460711,,2457534.744245,+16:38:10.6950,+00:32:43.883,13.79218367887072,14.73288033040505,24.60776862910209,1.511816420952714,157.43864662638114,-0.1348783807606147,0.0119212596179189,6.876385044290411,22.75553536838903,23.7,16.0
220,c4d_160526_055323_oki_r_v1.fits.fz a57567da71ec0803b687263a7d32c6e3,57534.2442451895,r,100,249.54332093665,0.545883026295721,SDSS_J163800,CTIO-4m/DECam,https://astroarchive.noirlab.edu/api/retrieve/a57567da71ec0803b687263a7d32c6e3,,2457534.744245,+16:38:10.6950,+00:32:43.883,13.79218367887072,14.73288033040505,24.60776862910209,1.511816420952714,157.43864662638114,-0.1348783807606147,0.0119212596179189,6.876385044290411,22.75553536838903,23.7,16.0
221,c4d_160526_055323_ooi_r_v1.fits.fz deadd5610e033394556aaf9d9d1ca78b,57534.2442451895,r,100,249.54332093665,0.545883026295721,SDSS_J163800,CTIO-4m/DECam,https://astroarchive.noirlab.edu/api/retrieve/deadd5610e033394556aaf9d9d1ca78b,,2457534.744245,+16:38:10.6950,+00:32:43.883,13.79218367887072,14.73288033040505,24.60776862910209,1.511816420952714,157.43864662638114,-0.1348783807606147,0.0119212596179189,6.876385044290411,22.75553536838903,23.7,16.0
222,c4d_160526_055323_opi_r_v1.fits.fz 263f92adf09ece3096f25ba96d495010,57534.2442451895,r,100,249.54332093665,0.545883026295721,SDSS_J163800,CTIO-4m/DECam,https://astroarchive.noirlab.edu/api/retrieve/263f92adf09ece3096f25ba96d495010,,2457534.744245,+16:38:10.6950,+00:32:43.883,13.79218367887072,14.73288033040505,24.60776862910209,1.511816420952714,157.43864662638114,-0.1348783807606147,0.0119212596179189,6.876385044290411,22.75553536838903,23.7,16.0
223,c4d_160526_055323_ooi_r_ls10.fits.fz 50f310370d49b579b7fb4b2a9d28a6a1,57534.2442451895,r,100,249.54332093665,0.545883026295721,SDSS_J163800,CTIO-4m/DECam,https://astroarchive.noirlab.edu/api/retrieve/50f310370d49b579b7fb4b2a9d28a6a1,,2457534.744245,+16:38:10.6950,+00:32:43.883,13.79218367887072,14.73288033040505,24.60776862910209,1.511816420952714,157.43864662638114,-0.1348783807606147,0.0119212596179189,6.876385044290411,22.75553536838903,23.7,16.0
224,c4d_160526_055533_ori.fits.fz a4351825bf8ae60961617d4f5ccbe06a,57534.2457426266,i,100,249.54324013744,0.545889972740049,SDSS_J163800,CTIO-4m/DECam,https://astroarchive.noirlab.edu/api/retrieve/a4351825bf8ae60961617d4f5ccbe06a,,2457534.745743,+16:38:10.6756,+00:32:43.908,13.792189628237113,14.732887620101211,24.607771576889604,1.5118051853275456,157.43881810038698,-0.1348787394330855,0.0119195966567456,6.877101304400257,22.75553836326323,23.7,16.0
225,c4d_160526_055533_oki_i_v1.fits.fz cb969073c9890274dc5189f2a49f9eeb,57534.2457426266,i,100,249.54324013744,0.545889972740049,SDSS_J163800,CTIO-4m/DECam,https://astroarchive.noirlab.edu/api/retrieve/cb969073c9890274dc5189f2a49f9eeb,,2457534.745743,+16:38:10.6756,+00:32:43.908,13.792189628237113,14.732887620101211,24.607771576889604,1.5118051853275456,157.43881810038698,-0.1348787394330855,0.0119195966567456,6.877101304400257,22.75553836326323,23.7,16.0
226,c4d_160526_055533_ooi_i_v1.fits.fz 201a72f05c87528959d4e083cd39bc24,57534.2457426266,i,100,249.54324013744,0.545889972740049,SDSS_J163800,CTIO-4m/DECam,https://astroarchive.noirlab.edu/api/retrieve/201a72f05c87528959d4e083cd39bc24,,2457534.745743,+16:38:10.6756,+00:32:43.908,13.792189628237113,14.732887620101211,24.607771576889604,1.5118051853275456,157.43881810038698,-0.1348787394330855,0.0119195966567456,6.877101304400257,22.75553836326323,23.7,16.0
227,c4d_160526_055533_opi_i_v1.fits.fz a6234857fa2b4c24fcab3e953a818bdb,57534.2457426266,i,100,249.54324013744,0.545889972740049,SDSS_J163800,CTIO-4m/DECam,https://astroarchive.noirlab.edu/api/retrieve/a6234857fa2b4c24fcab3e953a818bdb,,2457534.745743,+16:38:10.6756,+00:32:43.908,13.792189628237113,14.732887620101211,24.607771576889604,1.5118051853275456,157.43881810038698,-0.1348787394330855,0.0119195966567456,6.877101304400257,22.75553836326323,23.7,16.0
228,c4d_160526_055533_ooi_i_ls10.fits.fz 064864b6f4ba0c69a93079a63334ff05,57534.2457426266,i,100,249.54324013744,0.545889972740049,SDSS_J163800,CTIO-4m/DECam,https://astroarchive.noirlab.edu/api/retrieve/064864b6f4ba0c69a93079a63334ff05,,2457534.745743,+16:38:10.6756,+00:32:43.908,13.792189628237113,14.732887620101211,24.607771576889604,1.5118051853275456,157.43881810038698,-0.1348787394330855,0.0119195966567456,6.877101304400257,22.75553836326323,23.7,16.0
229,c4d_160526_055738_ori.fits.fz 410fa6ff0a295f2205a9b09620a2ad3a,57534.2472337072,z,100,249.543159681216,0.545896889697303,SDSS_J163800,CTIO-4m/DECam,https://astroarchive.noirlab.edu/api/retrieve/410fa6ff0a295f2205a9b09620a2ad3a,,2457534.747234,+16:38:10.6563,+00:32:43.934,13.79219555041882,14.73289487573375,24.607774511095137,1.51179400821029,157.43898867829665,-0.1348790963073329,0.0119179414481116,6.877814219079037,22.75554134542444,23.7,16.0
230,c4d_160526_055738_oki_z_v1.fits.fz 51aa49ec8d05747ad2292f7df179ecec,57534.2472337072,z,100,249.543159681216,0.545896889697303,SDSS_J163800,CTIO-4m/DECam,https://astroarchive.noirlab.edu/api/retrieve/51aa49ec8d05747ad2292f7df179ecec,,2457534.747234,+16:38:10.6563,+00:32:43.934,13.79219555041882,14.73289487573375,24.607774511095137,1.51179400821029,157.43898867829665,-0.1348790963073329,0.0119179414481116,6.877814219079037,22.75554134542444,23.7,16.0
231,c4d_160526_055738_ooi_z_v1.fits.fz 2b6819716401d5d42b663a0c282c85fa,57534.2472337072,z,100,249.543159681216,0.545896889697303,SDSS_J163800,CTIO-4m/DECam,https://astroarchive.noirlab.edu/api/retrieve/2b6819716401d5d42b663a0c282c85fa,,2457534.747234,+16:38:10.6563,+00:32:43.934,13.79219555041882,14.73289487573375,24.607774511095137,1.51179400821029,157.43898867829665,-0.1348790963073329,0.0119179414481116,6.877814219079037,22.75554134542444,23.7,16.0
232,c4d_160526_055738_opi_z_v1.fits.fz b19e67b05ccfe56daf3767a328c03602,57534.2472337072,z,100,249.543159681216,0.545896889697303,SDSS_J163800,CTIO-4m/DECam,https://astroarchive.noirlab.edu/api/retrieve/b19e67b05ccfe56daf3767a328c03602,,2457534.747234,+16:38:10.6563,+00:32:43.934,13.79219555041882,14.73289487573375,24.607774511095137,1.51179400821029,157.43898867829665,-0.1348790963073329,0.0119179414481116,6.877814219079037,22.75554134542444,23.7,16.0
233,c4d_160526_055738_ooi_z_ls10.fits.fz 0de814190d242030fe0522c89fce91af,57534.2472337072,z,100,249.543159681216,0.545896889697303,SDSS_J163800,CTIO-4m/DECam,https://astroarchive.noirlab.edu/api/retrieve/0de814190d242030fe0522c89fce91af,,2457534.747234,+16:38:10.6563,+00:32:43.934,13.79219555041882,14.73289487573375,24.607774511095137,1.51179400821029,157.43898867829665,-0.1348790963073329,0.0119179414481116,6.877814219079037,22.75554134542444,23.7,16.0
234,c4d_160526_055948_ori.fits.fz ec75770c220cbb8772ecb16998a88d12,57534.248710937,g,100,249.543079972358,0.545903742402184,SDSS_J163800,CTIO-4m/DECam,https://astroarchive.noirlab.edu/api/retrieve/ec75770c220cbb8772ecb16998a88d12,,2457534.748711,+16:38:10.6371,+00:32:43.959,13.79220141759983,14.732902063239443,24.607777417939328,1.5117829419480977,157.43915756128916,-0.1348794497105054,0.0119163017631319,6.878520441363828,22.75554429988403,24.0,16.0
235,c4d_160526_055948_oki_g_v1.fits.fz 809374162e9e309ecf1a734b1aee48e9,57534.248710937,g,100,249.543079972358,0.545903742402184,SDSS_J163800,CTIO-4m/DECam,https://astroarchive.noirlab.edu/api/retrieve/809374162e9e309ecf1a734b1aee48e9,,2457534.748711,+16:38:10.6371,+00:32:43.959,13.79220141759983,14.732902063239443,24.607777417939328,1.5117829419480977,157.43915756128916,-0.1348794497105054,0.0119163017631319,6.878520441363828,22.75554429988403,24.0,16.0
236,c4d_160526_055948_ooi_g_v1.fits.fz a38cab270af2986b883c52b3ffc23266,57534.248710937,g,100,249.543079972358,0.545903742402184,SDSS_J163800,CTIO-4m/DECam,https://astroarchive.noirlab.edu/api/retrieve/a38cab270af2986b883c52b3ffc23266,,2457534.748711,+16:38:10.6371,+00:32:43.959,13.79220141759983,14.732902063239443,24.607777417939328,1.5117829419480977,157.43915756128916,-0.1348794497105054,0.0119163017631319,6.878520441363828,22.75554429988403,24.0,16.0
237,c4d_160526_055948_opi_g_v1.fits.fz 03b6f16e66f551ab997bc2851f4f14a9,57534.248710937,g,100,249.543079972358,0.545903742402184,SDSS_J163800,CTIO-4m/DECam,https://astroarchive.noirlab.edu/api/retrieve/03b6f16e66f551ab997bc2851f4f14a9,,2457534.748711,+16:38:10.6371,+00:32:43.959,13.79220141759983,14.732902063239443,24.607777417939328,1.5117829419480977,157.43915756128916,-0.1348794497105054,0.0119163017631319,6.878520441363828,22.75554429988403,24.0,16.0
238,c4d_160526_055948_ooi_g_ls10.fits.fz ae8adf6fd4831a4b072b28cd2cd6cd05,57534.248710937,g,100,249.543079972358,0.545903742402184,SDSS_J163800,CTIO-4m/DECam,https://astroarchive.noirlab.edu/api/retrieve/ae8adf6fd4831a4b072b28cd2cd6cd05,,2457534.748711,+16:38:10.6371,+00:32:43.959,13.79220141759983,14.732902063239443,24.607777417939328,1.5117829419480977,157.43915756128916,-0.1348794497105054,0.0119163017631319,6.878520441363828,22.75554429988403,24.0,16.0
239,c4d_160803_011111_ori.fits.fz a27df456136cfd74c4919e2153bf4008,57603.0482460762,g,105,246.740659898519,-0.184102350273234,DECaLS_6374_g,CTIO-4m/DECam,https://astroarchive.noirlab.edu/api/retrieve/a27df456136cfd74c4919e2153bf4008,,2457603.548246,+16:26:58.0408,-00:11:04.089,14.652891797430442,15.06711540605238,24.91938399997428,3.572585075603929,112.29379970364045,-0.0360646146139873,-0.0596911609255742,33.0355300865081,22.93071505524365,24.0,16.0
240,c4d_160803_011111_oki_g_v1.fits.fz 0d686cd878d66721b0d2d7e42c2cf9aa,57603.0482460762,g,105,246.740659898519,-0.184102350273234,DECaLS_6374_g,CTIO-4m/DECam,https://astroarchive.noirlab.edu/api/retrieve/0d686cd878d66721b0d2d7e42c2cf9aa,,2457603.548246,+16:26:58.0408,-00:11:04.089,14.652891797430442,15.06711540605238,24.91938399997428,3.572585075603929,112.29379970364045,-0.0360646146139873,-0.0596911609255742,33.0355300865081,22.93071505524365,24.0,16.0
241,c4d_160803_011111_ooi_g_v1.fits.fz 057743902407158f7bb863d6d120f770,57603.0482460762,g,105,246.740659898519,-0.184102350273234,DECaLS_6374_g,CTIO-4m/DECam,https://astroarchive.noirlab.edu/api/retrieve/057743902407158f7bb863d6d120f770,,2457603.548246,+16:26:58.0408,-00:11:04.089,14.652891797430442,15.06711540605238,24.91938399997428,3.572585075603929,112.29379970364045,-0.0360646146139873,-0.0596911609255742,33.0355300865081,22.93071505524365,24.0,16.0
242,c4d_160803_011111_opi_g_v1.fits.fz ba2031c7ad6c01843b027506d2926d7d,57603.0482460762,g,105,246.740659898519,-0.184102350273234,DECaLS_6374_g,CTIO-4m/DECam,https://astroarchive.noirlab.edu/api/retrieve/ba2031c7ad6c01843b027506d2926d7d,,2457603.548246,+16:26:58.0408,-00:11:04.089,14.652891797430442,15.06711540605238,24.91938399997428,3.572585075603929,112.29379970364045,-0.0360646146139873,-0.0596911609255742,33.0355300865081,22.93071505524365,24.0,16.0
243,c4d_160803_011111_ooi_g_ls9.fits.fz bcc5743e257db5af21ec92b3452596e9,57603.0482460762,g,105,246.740659898519,-0.184102350273234,DECaLS_6374_g,CTIO-4m/DECam,https://astroarchive.noirlab.edu/api/retrieve/bcc5743e257db5af21ec92b3452596e9,,2457603.548246,+16:26:58.0408,-00:11:04.089,14.652891797430442,15.06711540605238,24.91938399997428,3.572585075603929,112.29379970364045,-0.0360646146139873,-0.0596911609255742,33.0355300865081,22.93071505524365,24.0,16.0
251,c4d_180413_075616_ori.fits.fz e1d06a8a87f328e17615b925598599b4,58221.3312646614,i,90,260.044166373439,-4.0825735912732,BLINK field: 6569-01-i,CTIO-4m/DECam,https://astroarchive.noirlab.edu/api/retrieve/e1d06a8a87f328e17615b925598599b4,,2458221.831265,+17:20:10.8979,-04:04:58.538,17.467799686603453,18.01279984500751,26.07028814592583,2.7188369949759053,121.55480850792298,-0.0494715085114346,0.033016744814283,-15.339226453237032,23.661145296333583,23.7,16.0
252,c4d_180413_075616_oki_i_v1.fits.fz d86cfa572623754bedd3f86e86fbbd17,58221.3312646614,i,90,260.044166373439,-4.0825735912732,BLINK field: 6569-01-i,CTIO-4m/DECam,https://astroarchive.noirlab.edu/api/retrieve/d86cfa572623754bedd3f86e86fbbd17,,2458221.831265,+17:20:10.8979,-04:04:58.538,17.467799686603453,18.01279984500751,26.07028814592583,2.7188369949759053,121.55480850792298,-0.0494715085114346,0.033016744814283,-15.339226453237032,23.661145296333583,23.7,16.0
253,c4d_180413_075616_ooi_i_v1.fits.fz 4653909708325f044a74f5b9a80179ea,58221.3312646614,i,90,260.044166373439,-4.0825735912732,BLINK field: 6569-01-i,CTIO-4m/DECam,https://astroarchive.noirlab.edu/api/retrieve/4653909708325f044a74f5b9a80179ea,,2458221.831265,+17:20:10.8979,-04:04:58.538,17.467799686603453,18.01279984500751,26.07028814592583,2.7188369949759053,121.55480850792298,-0.0494715085114346,0.033016744814283,-15.339226453237032,23.661145296333583,23.7,16.0
254,c4d_180413_075616_opi_i_v1.fits.fz 465f63802eb0450b6f7a89cf0cbd67a3,58221.3312646614,i,90,260.044166373439,-4.0825735912732,BLINK field: 6569-01-i,CTIO-4m/DECam,https://astroarchive.noirlab.edu/api/retrieve/465f63802eb0450b6f7a89cf0cbd67a3,,2458221.831265,+17:20:10.8979,-04:04:58.538,17.467799686603453,18.01279984500751,26.07028814592583,2.7188369949759053,121.55480850792298,-0.0494715085114346,0.033016744814283,-15.339226453237032,23.661145296333583,23.7,16.0
255,c4d_180418_080934_ori.fits.fz cde4fb7340f93290df15829616ff780b,58226.3405055271,i,90,259.934424491889,-4.01778918029713,BLINK field: 6569-02-i,CTIO-4m/DECam,https://astroarchive.noirlab.edu/api/retrieve/cde4fb7340f93290df15829616ff780b,,2458226.840506,+17:19:44.5607,-04:01:05.354,17.42547460979303,18.036211239367635,26.06257272165828,2.576037863148595,126.16361689906768,-0.0596901714473311,0.0315773573911211,-13.889789649733732,23.658136055467885,23.7,16.0
256,c4d_180418_080934_oki_i_v1.fits.fz 2052a0bca5ee968830f47b50579342cb,58226.3405055271,i,90,259.934424491889,-4.01778918029713,BLINK field: 6569-02-i,CTIO-4m/DECam,https://astroarchive.noirlab.edu/api/retrieve/2052a0bca5ee968830f47b50579342cb,,2458226.840506,+17:19:44.5607,-04:01:05.354,17.42547460979303,18.036211239367635,26.06257272165828,2.576037863148595,126.16361689906768,-0.0596901714473311,0.0315773573911211,-13.889789649733732,23.658136055467885,23.7,16.0
257,c4d_180418_080934_ooi_i_v1.fits.fz b1f0c3c9aa489b53a9a5263ea33405ce,58226.3405055271,i,90,259.934424491889,-4.01778918029713,BLINK field: 6569-02-i,CTIO-4m/DECam,https://astroarchive.noirlab.edu/api/retrieve/b1f0c3c9aa489b53a9a5263ea33405ce,,2458226.840506,+17:19:44.5607,-04:01:05.354,17.42547460979303,18.036211239367635,26.06257272165828,2.576037863148595,126.16361689906768,-0.0596901714473311,0.0315773573911211,-13.889789649733732,23.658136055467885,23.7,16.0
258,c4d_180418_080934_opi_i_v1.fits.fz ae817101ae41e07b674bd53294a7e9b1,58226.3405055271,i,90,259.934424491889,-4.01778918029713,BLINK field: 6569-02-i,CTIO-4m/DECam,https://astroarchive.noirlab.edu/api/retrieve/ae817101ae41e07b674bd53294a7e9b1,,2458226.840506,+17:19:44.5607,-04:01:05.354,17.42547460979303,18.036211239367635,26.06257272165828,2.576037863148595,126.16361689906768,-0.0596901714473311,0.0315773573911211,-13.889789649733732,23.658136055467885,23.7,16.0
