,Image,MJD,Filter,Exptime,Object_RA,Object_Dec,Image_target,Telescope/Instrument,MetaData,Datalink,targetname,datetime_str,datetime_jd,M1,solar_presence,k1,lunar_presence,RA,DEC,RA_app,DEC_app,RA_rate,DEC_rate,AZ,EL,AZ_rate,EL_rate,sat_X,sat_Y,sat_PANG,siderealtime,airmass,magextinct,Tmag,Nmag,illumination,illum_defect,sat_sep,sat_vis,ang_width,PDObsLon,PDObsLat,PDSunLon,PDSunLat,SubSol_ang,SubSol_dist,NPole_ang,NPole_dist,EclLon,EclLat,r,r_rate,delta,delta_rate,lighttime,vel_sun,vel_obs,elong,elongFlag,alpha,lunar_elong,lunar_illum,sat_alpha,sunTargetPA,velocityPA,OrbPlaneAng,constellation,TDB-UT,ObsEclLon,ObsEclLat,NPole_RA,NPole_DEC,GlxLon,GlxLat,solartime,earth_lighttime,RA_3sigma,DEC_3sigma,SMAA_3sigma,SMIA_3sigma,Theta_3sigma,Area_3sigma,RSS_3sigma,r_3sigma,r_rate_3sigma,SBand_3sigma,XBand_3sigma,DoppDelay_3sigma,true_anom,hour_angle,alpha_true,PABLon,PABLat,Limiting,Saturation
175,c4d_151024_081810_opi_g_v1.fits.fz 05e143220c715524bd7c0a0def12b1cf,57319.3448576783,g,90,74.1654989540684,-25.5197859975481,DES survey hex 736-268 tiling,CTIO-4m/DECam,https://astroarchive.noirlab.edu/api/retrieve/05e143220c715524bd7c0a0def12b1cf,,PANSTARRS (C/2012 A1),2004-Jul-12 04:22:23.359,2453198.682214803,10.1,,5.25,,217.584262905,49.185096243,217.627246378,49.169289551,-3.52463,-4.86667,,,,,353391.122,98071.168,39.304,,999,,23.477,,99.9371,,299767.7,*,,,,,,296.11,0.0,,,192.597272,58.973307,20.14104410088,-7.4028576,20.2349265867433,7.7889319,168.28875279,9.3785743,25.704036,83.2688,/T,2.8746,110.5,23.4292,93.8902,116.024,125.767,0.52826,Boo,64.183771,187.1807725,58.5386279,,,88.774857,60.861883,,0.0,3.281,2.658,4.199,0.445,-38.871,5.8662941,4.223,95671.5019,0.0005129,8.59,31.22,0.638252,255.6683,,2.8743,189.8432,58.7827,24.0,16.0
176,c4d_151024_082012_opi_r_v1.fits.fz 5b6b088b492b3944e2732acbe18ee934,57319.3462481876,r,90,74.1653178402321,-25.5199445156083,DES survey hex 754-258 tiling,CTIO-4m/DECam,https://astroarchive.noirlab.edu/api/retrieve/5b6b088b492b3944e2732acbe18ee934,,PANSTARRS (C/2012 A1),2004-Jul-13 04:22:23.359,2453199.682214803,10.1,,5.25,,217.548884701,49.152485159,217.591792885,49.136697162,-3.41175,-4.91881,,,,,350232.827,98472.446,39.621,,999,,23.477,,99.93721,,297985.9,*,,,,,,295.26,0.0,,,192.578957,58.973951,20.13676861073,-7.4031795,20.2394127871049,7.7452499,168.32606338,9.3795776,25.6076515,82.7739,/T,2.8721,104.6,15.9028,94.3876,115.176,125.694,0.56824,Boo,64.183743,187.1830391,58.498645,,,88.754442,60.900629,,0.0,3.279,2.659,4.198,0.445,-38.904,5.8623882,4.221,95624.5622,0.0005128,8.75,31.79,0.637938,255.6777,,2.8717,189.8338,58.7628,23.7,16.0
177,c4d_151103_080853_opi_z_v1.fits.fz e8c77083f675571b32e5a4ed0f6bcc82,57329.3383964857,z,90,72.7724423553535,-26.6049527518714,DES survey hex 717-278 tiling,CTIO-4m/DECam,https://astroarchive.noirlab.edu/api/retrieve/e8c77083f675571b32e5a4ed0f6bcc82,,PANSTARRS (C/2012 A1),2004-Jul-14 04:22:23.359,2453200.682214803,10.1,,5.25,,217.514682952,49.119532307,217.557523287,49.103757284,-3.29826,-4.96913,,,,,347090.635,98894.858,39.928,,999,,23.477,,99.93733,,296208.1,*,,,,,,294.41,0.0,,,192.560634,58.974594,20.13249293403,-7.4035013,20.2438724167415,7.6969215,168.36315299,9.3805812,25.5122999,82.28,/T,2.8694,98.2,9.6527,94.8841,114.328,125.622,0.60804,Boo,64.183716,187.1868192,58.4588426,,,88.732473,60.939021,,0.0,3.276,2.66,4.196,0.444,-38.938,5.8586595,4.219,95576.7798,0.0005127,8.9,32.35,0.63762,255.6871,,2.869,189.8251,58.743,23.7,16.0
178,c4d_151105_075944_opi_i_v1.fits.fz f66f88695b5397507a8e1a31a1dd5abf,57331.332069219,i,90,72.473650162683,-26.8064761075902,DES survey hex 717-278 tiling,CTIO-4m/DECam,https://astroarchive.noirlab.edu/api/retrieve/f66f88695b5397507a8e1a31a1dd5abf,,PANSTARRS (C/2012 A1),2004-Jul-15 04:22:23.359,2453201.682214803,10.1,,5.25,,217.481662367,49.086249946,217.524441563,49.070482331,-3.18419,-5.0176,,,,,343964.015,99338.239,40.225,,999,,23.477,,99.93746,,294434.6,*,,,,,,293.56,0.0,,,192.542302,58.975234,20.1282170708,-7.403823,20.2483027921511,7.6439483,168.3999993,9.3815851,25.4179948,81.7874,/T,2.8664,91.6,4.8607,95.3796,113.48,125.551,0.64766,Boo,64.183689,187.1920984,58.4192322,,,88.708957,60.977049,,0.0,3.273,2.661,4.194,0.444,-38.972,5.8551071,4.218,95528.1599,0.0005126,9.05,32.91,0.637295,255.6966,,2.866,189.8171,58.7233,23.7,16.0
179,c4d_151105_080144_opi_z_v1.fits.fz 9396d4d0dc6160e9593e0643233eb38d,57331.3334411863,z,90,72.4734419666452,-26.8066125802264,DES survey hex 717-278 tiling,CTIO-4m/DECam,https://astroarchive.noirlab.edu/api/retrieve/9396d4d0dc6160e9593e0643233eb38d,,PANSTARRS (C/2012 A1),2004-Jul-16 04:22:23.359,2453202.682214803,10.1,,5.25,,217.449827116,49.052650498,217.492550026,49.036885539,-3.06961,-5.06419,,,,,340852.434,99802.422,40.511,,999,,23.477,,99.9376,,292665.9,*,,,,,,292.71,0.0,,,192.523961,58.975871,20.12394102102,-7.4041446,20.2527012331029,7.5863402,168.43658002,9.3825894,25.3247559,81.2961,/T,2.8633,84.9,1.6857,95.8741,112.631,125.481,0.68709,Boo,64.183662,187.1988603,58.379825,,,88.683904,61.0147,,0.0,3.27,2.662,4.193,0.444,-39.007,5.8517302,4.216,95478.708,0.0005125,9.21,33.46,0.636965,255.706,,2.8628,189.81,58.7037,23.7,16.0
180,c4d_151114_072235_opi_r_v1.fits.fz f750c7efe56491e92e657d52d0e7ef04,57340.3062483826,r,90,71.057748962429,-27.640445000691,DES survey hex 699-288 tiling,CTIO-4m/DECam,https://astroarchive.noirlab.edu/api/retrieve/f750c7efe56491e92e657d52d0e7ef04,,PANSTARRS (C/2012 A1),2004-Jul-17 04:22:23.359,2453203.682214803,10.1,,5.25,,217.419180813,49.018746531,217.461849541,49.002980846,-2.95456,-5.10889,,,,,337755.359,100287.232,40.785,,999,,23.477,,99.93775,,290902.3,*,,,,,,291.87,0.0,,,192.505613,58.976507,20.11966478471,-7.404466,20.2570650676527,7.5241161,168.47287292,9.383594,25.2326095,80.8062,/T,2.8599,78.3,0.2564,96.3673,111.781,125.412,0.7263,Boo,64.183635,187.2070879,58.3406322,,,88.657321,61.051965,,0.0,3.267,2.663,4.191,0.444,-39.042,5.8485276,4.215,95428.43,0.0005124,9.36,34.02,0.63663,255.7155,,2.8594,189.8035,58.6842,23.7,16.0
181,c4d_151114_072437_opi_g_v1.fits.fz 8ea1a3599b5ec5ae74bff814e55068ec,57340.3076377811,g,90,71.0575217378824,-27.6405637170741,DES survey hex 699-288 tiling,CTIO-4m/DECam,https://astroarchive.noirlab.edu/api/retrieve/8ea1a3599b5ec5ae74bff814e55068ec,,PANSTARRS (C/2012 A1),2004-Jul-18 04:22:23.359,2453204.682214803,10.1,,5.25,,217.389726489,48.984550747,217.432339829,48.968782722,-2.8391,-5.15167,,,,,334672.251,100792.493,41.049,,999,,23.477,,99.9379,,289144.3,*,,,,,,291.02,0.0,,,192.487256,58.97714,20.11538836186,-7.4047873,20.2613916377716,7.4573055,168.50885591,9.3845989,25.1415902,80.3178,/T,2.8563,72.1,0.6624,96.8592,110.931,125.344,0.7653,Boo,64.183608,187.216764,58.3016648,,,88.629218,61.088831,,0.0,3.265,2.664,4.19,0.444,-39.078,5.8454982,4.214,95377.3322,0.0005123,9.51,34.56,0.636289,255.725,,2.8558,189.7979,58.6647,24.0,16.0
182,c4d_151116_083017_opi_z_v1.fits.fz b47e3cf3ce1568f3434b78ecdb18d0a8,57342.3532569608,z,90,70.7211732015743,-27.8124213279233,DES survey hex 717-278 tiling,CTIO-4m/DECam,https://astroarchive.noirlab.edu/api/retrieve/b47e3cf3ce1568f3434b78ecdb18d0a8,,PANSTARRS (C/2012 A1),2004-Jul-19 04:22:23.359,2453205.682214803,10.1,,5.25,,217.361466577,48.950075959,217.404019917,48.934305909,-2.72328,-5.19252,,,,,331602.571,101318.02,41.302,,999,,23.477,,99.93807,,287392.1,*,,,,,,290.16,0.0,,,192.46889,58.977771,20.11111175248,-7.4051086,20.2656783056256,7.385949,168.54450704,9.3856041,25.0517431,79.8311,/T,2.8525,66.4,2.9441,97.3496,110.08,125.278,0.80407,Boo,64.183581,187.2278714,58.2629339,,,88.599606,61.125289,,0.0,3.262,2.665,4.189,0.444,-39.114,5.8426405,4.212,95325.4212,0.0005122,9.66,35.11,0.635943,255.7344,,2.852,189.793,58.6454,23.7,16.0
183,c4d_151201_063102_opi_z_v1.fits.fz 8668a789d668df0fb405534d5ecfd38e,57357.2704687513,z,90,68.1822044594104,-28.8381526650013,DES survey hex 679-298 tiling,CTIO-4m/DECam,https://astroarchive.noirlab.edu/api/retrieve/8668a789d668df0fb405534d5ecfd38e,,PANSTARRS (C/2012 A1),2004-Jul-20 04:22:23.359,2453206.682214803,10.1,,5.25,,217.334402888,48.915335071,217.376888689,48.899565094,-2.60717,-5.23143,,,,,328545.773,101863.627,41.544,,999,,23.477,,99.93825,,285646.3,*,,,,,,289.31,0.0,,,192.450516,58.978399,20.10683495656,-7.4054297,20.2699224603874,7.3100996,168.5798046,9.3866097,24.9631248,79.3462,/T,2.8485,61.5,7.085,97.8385,109.227,125.212,0.8426,Boo,64.183554,187.2403941,58.2244502,,,88.568497,61.161327,,0.0,3.26,2.666,4.188,0.444,-39.151,5.8399534,4.211,95272.7038,0.0005121,9.81,35.65,0.635591,255.7439,,2.8479,189.7888,58.6262,23.7,16.0
184,c4d_151201_075503_opi_i_v1.fits.fz 2125b7619d3a60da500d65f3bff73a12,57357.328816081,i,90,68.1721273893445,-28.8413196283963,DES survey hex 679-298 tiling,CTIO-4m/DECam,https://astroarchive.noirlab.edu/api/retrieve/2125b7619d3a60da500d65f3bff73a12,,PANSTARRS (C/2012 A1),2004-Jul-21 04:22:23.359,2453207.682214803,10.1,,5.25,,217.308536602,48.880341042,217.350945408,48.864574571,-2.49082,-5.26839,,,,,325501.309,102429.117,41.774,,999,,23.477,,99.93843,,283907.3,*,,,,,,288.46,0.0,,,192.432133,58.979025,20.10255797412,-7.4057507,20.2741215253728,7.2298226,168.61472715,9.3876155,24.8758051,78.8631,/T,2.8442,57.8,13.0058,98.3257,108.374,125.148,0.88088,Boo,64.183528,187.2543175,58.1862242,,,88.535903,61.196934,,0.0,3.257,2.668,4.187,0.444,-39.188,5.8374351,4.21,95219.1876,0.000512,9.96,36.18,0.635234,255.7534,,2.8437,189.7854,58.6071,23.7,16.0
186,c4d_151203_072603_opi_r_v1.fits.fz 346819945da5cb467bd555110d81e83f,57359.3086805986,r,90,67.8302685400246,-28.9456459801795,DES survey hex 679-298 tiling,CTIO-4m/DECam,https://astroarchive.noirlab.edu/api/retrieve/346819945da5cb467bd555110d81e83f,,PANSTARRS (C/2012 A1),2004-Jul-23 04:22:23.359,2453209.682214803,10.1,,5.25,,217.260397762,48.809645498,217.302624407,48.793897695,-2.25765,-5.33647,,,,,319447.154,103618.921,42.199,,999,,23.477,,99.93882,,280450.9,*,,,,,,286.75,0.0,,,192.395342,58.980271,20.09400344966,-7.4063923,20.2823742936333,7.0563105,168.68336333,9.3896282,24.7054148,77.903,/T,2.8352,55.5,29.5341,99.2946,106.662,125.023,0.95664,Boo,64.183475,187.2863167,58.110587,,,88.466313,61.266819,,0.0,3.252,2.671,4.185,0.444,-39.263,5.8328988,4.208,95109.7891,0.0005118,10.25,37.24,0.634504,255.7723,,2.8346,189.7808,58.5692,23.7,16.0
187,c4d_151204_062147_opi_r_v1.fits.fz 0ab45139beb84b4eb0fa1cd97da31b30,57360.264016225,r,90,67.6654485365485,-28.9932901193446,DES survey hex 679-298 tiling,CTIO-4m/DECam,https://astroarchive.noirlab.edu/api/retrieve/0ab45139beb84b4eb0fa1cd97da31b30,,PANSTARRS (C/2012 A1),2004-Jul-24 04:22:23.359,2453210.682214803,10.1,,5.25,,217.238124385,48.773969874,217.280250607,48.758235383,-2.14095,-5.36761,,,,,316436.337,104242.797,42.395,,999,,23.477,,99.93903,,278734.3,*,,,,,,285.89,0.0,,,192.376934,58.98089,20.08972590765,-7.406713,20.2864230796504,6.9632689,168.71703606,9.390635,24.6225624,77.4262,/T,2.8304,57.4,39.6313,99.7761,105.804,124.962,0.9941,Boo,64.183449,187.3043714,58.0731956,,,88.429345,61.301076,,0.0,3.25,2.672,4.184,0.444,-39.302,5.8308773,4.207,95053.923,0.0005117,10.39,37.76,0.634132,255.7818,,2.8298,189.7795,58.5505,23.7,16.0
188,c4d_151209_065314_opi_g_v1.fits.fz d380835b94f89aab870e5dc1180b5a57,57365.2858834969,g,90,66.8030961283413,-29.2142486063246,DES survey hex 660-308 tiling,CTIO-4m/DECam,https://astroarchive.noirlab.edu/api/retrieve/d380835b94f89aab870e5dc1180b5a57,,PANSTARRS (C/2012 A1),2004-Jul-25 04:22:23.359,2453211.682214803,10.1,,5.25,,217.217046796,48.738092803,217.259072425,48.722371332,-2.02425,-5.39684,,,,,313435.6,104885.679,42.578,,999,,23.477,,99.93925,,277026.0,*,,,,,,285.03,0.0,,,192.358517,58.981507,20.08544817913,-7.4070335,20.2904169554868,6.8661856,168.75025211,9.3916421,24.5414493,76.9517,/T,2.8254,61.1,50.4709,100.2554,104.945,124.903,1.03127,Boo,64.183423,187.3237832,58.036102,,,88.39095,61.334863,,0.0,3.248,2.674,4.183,0.444,-39.34,5.8290178,4.207,94997.2903,0.0005116,10.53,38.28,0.633754,255.7913,,2.8247,189.779,58.5319,24.0,16.0
189,c4d_151209_065513_opi_g_v1.fits.fz dd70aa41636b576ceab38672920ff59c,57365.2872731707,g,90,66.8028590152488,-29.2143023403783,DES survey hex 679-298 tiling,CTIO-4m/DECam,https://astroarchive.noirlab.edu/api/retrieve/dd70aa41636b576ceab38672920ff59c,,PANSTARRS (C/2012 A1),2004-Jul-26 04:22:23.359,2453212.682214803,10.1,,5.25,,217.1971631,48.702026937,217.239093825,48.686315066,-1.9076,-5.42418,,,,,310444.368,105547.321,42.749,,999,,23.477,,99.93947,,275326.4,*,,,,,,284.17,0.0,,,192.340092,58.982121,20.0811702641,-7.4073539,20.2943536221355,6.7651842,168.78299237,9.3926495,24.4622349,76.4796,/T,2.8202,66.6,61.5735,100.7326,104.083,124.844,1.06813,Boo,64.183396,187.3445417,57.9993152,,,88.351142,61.368172,,0.0,3.245,2.676,4.183,0.443,-39.379,5.8273183,4.206,94939.8995,0.0005114,10.67,38.79,0.633371,255.8008,,2.8196,189.7792,58.5135,24.0,16.0
190,c4d_160114_041750_opi_r_v1.fits.fz 20d8800e0dd613a0c9c39bea498c2bd9,57401.1779488331,r,90,61.4472290677286,-29.4595173194679,DES survey hex 606-298 tiling,CTIO-4m/DECam,https://astroarchive.noirlab.edu/api/retrieve/20d8800e0dd613a0c9c39bea498c2bd9,,PANSTARRS (C/2012 A1),2004-Jul-27 04:22:23.359,2453213.682214803,10.1,,5.25,,217.1784709,48.665784712,217.220317898,48.650075854,-1.79105,-5.44968,,,,,307462.061,106227.471,42.909,,999,,23.476,,99.9397,,273635.9,*,,,,,,283.31,0.0,,,192.321659,58.982733,20.07689216258,-7.4076742,20.2982308534581,6.6603922,168.81523832,9.3936573,24.3850986,76.01,/T,2.8149,73.5,72.3601,101.2074,103.22,124.787,1.10468,Boo,64.18337,187.3666338,57.9628442,,,88.309939,61.400992,,0.0,3.243,2.678,4.182,0.443,-39.419,5.8257768,4.206,94881.7595,0.0005113,10.81,39.29,0.632983,255.8103,,2.8142,189.78,58.4952,23.7,16.0
191,c4d_160114_041953_opi_r_v1.fits.fz 0f6b81f59174e36d71940d5a1be31d4f,57401.1793881684,r,90,61.447060725471,-29.4594864537221,DES survey hex 626-288 tiling,CTIO-4m/DECam,https://astroarchive.noirlab.edu/api/retrieve/0f6b81f59174e36d71940d5a1be31d4f,,PANSTARRS (C/2012 A1),2004-Jul-28 04:22:23.359,2453214.682214803,10.1,,5.25,,217.160967401,48.629378284,217.202745274,48.613663575,-1.67462,-5.47338,,,,,304488.095,106925.873,43.056,,999,,23.476,,99.93994,,271954.8,*,,,,,,282.44,0.0,,,192.303217,58.983343,20.07261387457,-7.4079944,20.3020464961133,6.5519323,168.84697205,9.3946653,24.3102333,75.543,/T,2.8094,81.3,82.1717,101.6797,102.355,124.731,1.1409,Boo,64.183345,187.3900422,57.9266974,,,88.267357,61.433317,,0.0,3.241,2.68,4.182,0.443,-39.458,5.8243912,4.205,94822.879,0.0005112,10.95,39.79,0.63259,255.8198,,2.8087,189.7816,58.477,23.7,16.0
192,c4d_160114_042154_opi_i_v1.fits.fz 38518b94592296759486cb43677eceec,57401.1807720531,i,90,61.4468988686229,-29.4594567770835,DES survey hex 626-288 tiling,CTIO-4m/DECam,https://astroarchive.noirlab.edu/api/retrieve/38518b94592296759486cb43677eceec,,PANSTARRS (C/2012 A1),2004-Jul-29 04:22:23.359,2453215.682214803,10.1,,5.25,,217.14464955,48.592819486,217.186372598,48.57708966,-1.55834,-5.49532,,,,,301521.881,107642.274,43.191,,999,,23.476,,99.94018,,270283.4,*,,,,,,281.58,0.0,,,192.284766,58.983951,20.06833540009,-7.4083146,20.305798462975,6.4399086,168.87817621,9.3956737,24.2378305,75.0787,/T,2.8037,89.6,90.3226,102.1495,101.487,124.677,1.1768,Boo,64.183319,187.4147443,57.8908829,,,88.223411,61.465137,,0.0,3.239,2.682,4.182,0.443,-39.498,5.8231595,4.205,94763.2667,0.0005111,11.08,40.28,0.632192,255.8293,,2.803,189.7838,58.459,23.7,16.0
193,c4d_160114_042351_opi_g_v1.fits.fz 54b3005fe90b76059dd5ed42d7777b32,57401.182155963,g,90,61.4467370088278,-29.4594270999046,DES survey hex 626-288 tiling,CTIO-4m/DECam,https://astroarchive.noirlab.edu/api/retrieve/54b3005fe90b76059dd5ed42d7777b32,,PANSTARRS (C/2012 A1),2004-Jul-30 04:22:23.359,2453216.682214803,10.1,,5.25,,217.129514194,48.556119813,217.171191976,48.540367635,-1.44221,-5.51557,,,,,298562.829,108376.437,43.314,,999,,23.476,,99.94043,,268622.2,*,,,,,,280.71,0.0,,,192.266307,58.984556,20.06405673914,-7.4086345,20.3094847182121,6.3243922,168.90883386,9.3966824,24.1680588,74.6173,/T,2.7979,98.1,96.1912,102.6166,100.618,124.623,1.21236,Boo,64.183293,187.440714,57.8554086,,,88.178118,61.496445,,0.0,3.237,2.684,4.181,0.443,-39.538,5.8220795,4.205,94702.9311,0.0005109,11.22,40.77,0.63179,255.8388,,2.7971,189.7867,58.4412,24.0,16.0
194,c4d_160119_035636_opi_z_v1.fits.fz 3bbc26a240c4236681002822f6783b1d,57406.1632238433,z,90,60.8882875462311,-29.3400470424705,DES survey hex 598-288 tiling,CTIO-4m/DECam,https://astroarchive.noirlab.edu/api/retrieve/3bbc26a240c4236681002822f6783b1d,,PANSTARRS (C/2012 A1),2004-Jul-31 04:22:23.359,2453217.682214803,10.1,,5.25,,217.115558246,48.519290447,217.157192211,48.503512789,-1.32621,-5.53416,,,,,295610.343,109128.135,43.424,,999,,23.476,,99.94069,,266971.5,*,,,,,,279.84,0.0,,,192.247839,58.985159,20.05977789175,-7.4089544,20.313103254388,6.2054091,168.93892831,9.3976913,24.1010406,74.1587,/T,2.7919,106.2,99.3286,103.081,99.745,124.571,1.24756,Boo,64.183268,187.4679238,57.8202821,,,88.131495,61.527232,,0.0,3.235,2.686,4.181,0.443,-39.579,5.8211493,4.205,94641.8806,0.0005108,11.35,41.25,0.631383,255.8483,,2.7911,189.7903,58.4235,23.7,16.0
196,c4d_160923_090652_opi_z_v1.fits.fz a880c4d447953a6185d94a604e3bdacc,57654.3786774167,z,90,65.405960091622,-36.1444824432379,DES survey hex 652-369 tiling,CTIO-4m/DECam,https://astroarchive.noirlab.edu/api/retrieve/a880c4d447953a6185d94a604e3bdacc,,PANSTARRS (C/2012 A1),2004-Aug-02 04:22:23.359,2453219.682214803,10.1,,5.25,,217.091173225,48.44528634,217.132691285,48.429466663,-1.09452,-5.56645,,,,,289722.687,110683.309,43.607,,999,,23.476,,99.94121,,263703.0,*,,,,,,278.09,0.0,,,192.210878,58.986357,20.05121963765,-7.4095939,20.3201291202242,5.9569184,168.99736065,9.3997103,23.975432,73.2508,/T,2.7795,119.3,96.9489,104.0009,97.993,124.47,1.3169,Boo,64.183217,187.5259748,57.7511023,,,88.034319,61.587215,,0.0,3.231,2.69,4.181,0.443,-39.66,5.81973,4.205,94517.6665,0.0005105,11.61,42.21,0.630554,255.8673,,2.7787,189.7994,58.3887,23.7,16.0
197,c4d_161117_061729_opi_z_v1.fits.fz 3b98837c3fde243e98e60227a7dce6d4,57709.2610358846,z,90,57.8961801214081,-41.0201187618027,DES survey hex 580-410 tiling,CTIO-4m/DECam,https://astroarchive.noirlab.edu/api/retrieve/3b98837c3fde243e98e60227a7dce6d4,,PANSTARRS (C/2012 A1),2004-Aug-03 04:22:23.359,2453220.682214803,10.1,,5.25,,217.080739035,48.408133279,217.12217676,48.392302531,-0.97878,-5.58014,,,,,286786.346,111486.37,43.68,,999,,23.476,,99.94148,,262086.0,*,,,,,,277.21,0.0,,,192.192385,58.986953,20.04694023097,-7.4099135,20.3235323473945,5.8272703,169.02566443,9.4007202,23.9167727,72.8017,/T,2.7731,123.2,91.8837,104.4563,97.112,124.421,1.35101,Boo,64.183193,187.5567873,57.717064,,,87.983798,61.616394,,0.0,3.229,2.693,4.181,0.443,-39.701,5.819237,4.205,94454.5185,0.0005104,11.74,42.67,0.630133,255.8768,,2.7723,189.8049,58.3715,23.7,16.0
199,c4d_161206_063917_opi_g_v1.fits.fz 7d10008c5b745e20f04630c070e9da61,57728.2762044445,g,90,54.7067405977693,-41.5607879730869,DES survey hex 560-420 tiling,CTIO-4m/DECam,https://astroarchive.noirlab.edu/api/retrieve/7d10008c5b745e20f04630c070e9da61,,PANSTARRS (C/2012 A1),2004-Aug-05 04:22:23.359,2453222.682214803,10.1,,5.25,,217.063375362,48.333579964,217.104617202,48.317744289,-0.74752,-5.60255,,,,,280925.848,113142.34,43.787,,999,,23.475,,99.94204,,258888.5,*,,,,,,275.44,0.0,,,192.155373,58.988137,20.03838085839,-7.4105523,20.3301087956538,5.5567754,169.08035908,9.402741,23.807309,71.9135,/T,2.7599,124.4,76.4139,105.3572,95.341,124.328,1.41808,Boo,64.183144,187.6219488,57.6501294,,,87.878968,61.673087,,0.0,3.226,2.697,4.182,0.443,-39.784,5.8186743,4.205,94326.1794,0.0005101,11.99,43.59,0.629277,255.8958,,2.759,189.8179,58.3378,24.0,16.0
200,c4d_161218_054121_opi_z_v1.fits.fz c55a20ee926f97571718a8c83ff5e11d,57740.2359419856,z,90,52.8564569628506,-41.5626583740369,DES survey hex 540-430 tiling,CTIO-4m/DECam,https://astroarchive.noirlab.edu/api/retrieve/c55a20ee926f97571718a8c83ff5e11d,,PANSTARRS (C/2012 A1),2004-Aug-06 04:22:23.359,2453223.682214803,10.1,,5.25,,217.056440929,48.296202153,217.097577606,48.280367448,-0.63203,-5.6112,,,,,278000.654,113994.77,43.821,,999,,23.475,,99.94233,,257308.8,*,,,,,,274.55,0.0,,,192.136854,58.988726,20.0341008925,-7.4108715,20.3332776565807,5.4158139,169.1067137,9.4037518,23.7563152,71.4747,/T,2.7531,121.9,67.0903,105.8025,94.451,124.283,1.45102,Boo,64.18312,187.6562846,57.6172488,,,87.824694,61.700584,,0.0,3.224,2.7,4.182,0.443,-39.826,5.8186008,4.205,94261.0044,0.00051,12.12,44.05,0.628842,255.9054,,2.7522,189.8253,58.3212,23.7,16.0
202,c4d_170203_024118_opi_z_v1.fits.fz 9648064c43e450d51a6a5b6cf162f26b,57787.1109182345,z,90,48.2561983094221,-39.8083839471346,DES survey hex 473-400 tiling,CTIO-4m/DECam,https://astroarchive.noirlab.edu/api/retrieve/9648064c43e450d51a6a5b6cf162f26b,,PANSTARRS (C/2012 A1),2004-Aug-08 04:22:23.359,2453225.682214803,10.1,,5.25,,217.046052725,48.221301757,217.086988548,48.205462582,-0.40145,-5.62325,,,,,272157.974,115747.252,43.85,,999,,23.475,,99.94291,,254189.7,*,,,,,,272.76,0.0,,,192.09979,58.989896,20.02554040154,-7.4115097,20.3393655773302,5.1223356,169.15734539,9.4057745,23.661438,70.6082,/T,2.7392,112.8,47.5557,106.6823,92.661,124.198,1.51566,Boo,64.183073,187.728416,57.5527012,,,87.712518,61.753836,,0.0,3.221,2.705,4.183,0.443,-39.909,5.8188595,4.206,94128.6853,0.0005097,12.36,44.93,0.627959,255.9244,,2.7383,189.842,58.2886,23.7,16.0
204,c4d_171128_042731_opi_z_v1.fits.fz 6fd07955298f5462db2b130c5ce55f2e,58085.1863035435,z,90,43.6700546822038,-49.6400816557958,DES survey hex 454-491 tiling,CTIO-4m/DECam,https://astroarchive.noirlab.edu/api/retrieve/6fd07955298f5462db2b130c5ce55f2e,,PANSTARRS (C/2012 A1),2004-Aug-10 04:22:23.359,2453227.682214803,10.1,,5.25,,217.040282615,48.146286875,217.081046718,48.13042413,-0.17168,-5.62817,,,,,266322.633,117561.48,43.826,,999,,23.475,,99.9435,,251127.3,*,,,,,,270.95,0.0,,,192.062693,58.991057,20.01697916504,-7.4121475,20.3451056019316,4.8134794,169.20508372,9.4077984,23.575741,69.7576,/T,2.7249,100.5,29.09,107.5467,90.855,124.117,1.57859,Boo,64.183028,187.8050617,57.4898252,,,87.595636,61.804711,,0.0,3.218,2.711,4.184,0.443,-39.993,5.8196454,4.208,93993.8001,0.0005094,12.6,45.8,0.627059,255.9435,,2.724,189.8612,58.2569,23.7,16.0
205,c4d_171128_063624_opi_r_v1.fits.fz 9615b4816f8ce96e71e75b7b07bdd38d,58085.2758063668,r,90,43.6560288439359,-49.6399474015609,DES survey hex 429-501 tiling,CTIO-4m/DECam,https://astroarchive.noirlab.edu/api/retrieve/9615b4816f8ce96e71e75b7b07bdd38d,,PANSTARRS (C/2012 A1),2004-Aug-11 04:22:23.359,2453228.682214803,10.1,,5.25,,217.039119365,48.108766404,217.079809483,48.09288351,-0.0572,-5.62792,,,,,263406.684,118491.083,43.794,,999,,23.474,,99.9438,,249618.4,*,,,,,,270.05,0.0,,,192.044131,58.991633,20.01269826721,-7.4124663,20.3478396214018,4.6533363,169.22782186,9.4088108,23.5362608,69.3385,/T,2.7177,93.9,20.9328,107.9728,89.947,124.079,1.6094,Boo,64.183005,187.8450324,57.4590339,,,87.535483,61.829235,,0.0,3.217,2.713,4.185,0.443,-40.035,5.8202309,4.208,93925.4186,0.0005092,12.72,46.22,0.626603,255.953,,2.7168,189.8716,58.2413,23.7,16.0
206,c4d_171128_063822_opi_g_v1.fits.fz f7562aedf7c61d624ab50c8f38866cc8,58085.2771679564,g,90,43.6558154714987,-49.6399453591765,DES survey hex 429-501 tiling,CTIO-4m/DECam,https://astroarchive.noirlab.edu/api/retrieve/f7562aedf7c61d624ab50c8f38866cc8,,PANSTARRS (C/2012 A1),2004-Aug-12 04:22:23.359,2453229.682214803,10.1,,5.25,,217.039097867,48.071253382,217.079720047,48.055345451,0.056955,-5.62585,,,,,260491.367,119435.32,43.749,,999,,23.474,,99.94411,,248125.2,*,,,,,,269.13,0.0,,,192.025561,58.992208,20.00841718301,-7.412785,20.3504800587122,4.4894263,169.24978171,9.4098235,23.4989952,68.9237,/T,2.7103,87.1,13.8116,108.3947,89.034,124.042,1.63975,Boo,64.182983,187.8860748,57.4286844,,,87.474219,61.853141,,0.0,3.216,2.716,4.186,0.443,-40.077,5.8209417,4.209,93856.4243,0.000509,12.83,46.63,0.626143,255.9626,,2.7094,189.8826,58.2259,24.0,16.0
207,c4d_180121_023419_opi_g_v1.fits.fz b69725428db5036b450c7c6fa9024485,58139.1076873184,g,90,37.800682938654,-47.7911323295737,DES survey hex 356-491 tiling,CTIO-4m/DECam,https://astroarchive.noirlab.edu/api/retrieve/b69725428db5036b450c7c6fa9024485,,PANSTARRS (C/2012 A1),2004-Aug-13 04:22:23.359,2453230.682214803,10.1,,5.25,,217.040213017,48.033760002,217.080770717,48.017823384,0.170745,-5.62194,,,,,257576.314,120393.92,43.69,,999,,23.474,,99.94441,,246648.0,*,,,,,,268.22,0.0,,,192.006982,58.99278,20.00413591243,-7.4131035,20.3530247495694,4.3217899,169.27094526,9.4108366,23.4639223,68.5133,/T,2.7029,80.3,7.959,108.8122,88.118,124.006,1.66963,Boo,64.182962,187.9281676,57.3987843,,,87.411866,61.87642,,0.0,3.214,2.719,4.187,0.443,-40.119,5.8217758,4.21,93786.8272,0.0005089,12.94,47.04,0.625678,255.9721,,2.7019,189.8942,58.2108,24.0,16.0
208,c4d_180121_023617_opi_r_v1.fits.fz 7d32eb14c25e0c0ebade311d189220a2,58139.1090600016,r,90,37.8006151624208,-47.791055764355,DES survey hex 382-481 tiling,CTIO-4m/DECam,https://astroarchive.noirlab.edu/api/retrieve/7d32eb14c25e0c0ebade311d189220a2,,PANSTARRS (C/2012 A1),2004-Aug-14 04:22:23.359,2453231.682214803,10.1,,5.25,,217.042459277,47.996298527,217.082952741,47.980331235,0.284119,-5.61619,,,,,254661.175,121366.61,43.618,,999,,23.474,,99.94472,,245187.3,*,,,,,,267.3,0.0,,,191.988395,58.993349,19.99985445548,-7.413422,20.3554715555596,4.1504764,169.29129472,9.4118499,23.4310204,68.1076,/T,2.6954,73.8,3.6016,109.2251,87.197,123.972,1.69905,Boo,64.18294,187.9712891,57.3693413,,,87.348449,61.899065,,0.0,3.213,2.722,4.188,0.443,-40.162,5.8227309,4.211,93716.6379,0.0005087,13.05,47.44,0.62521,255.9817,,2.6944,189.9064,58.1959,23.7,16.0
209,c4d_180121_023816_opi_g_v1.fits.fz a99b1b8050dc5113c966542fcf9d515d,58139.1104329076,g,90,37.8005473751874,-47.7909791867096,DES survey hex 382-481 tiling,CTIO-4m/DECam,https://astroarchive.noirlab.edu/api/retrieve/a99b1b8050dc5113c966542fcf9d515d,,PANSTARRS (C/2012 A1),2004-Aug-15 04:22:23.359,2453232.682214803,10.1,,5.25,,217.045830661,47.958881268,217.086256647,47.942883244,0.397032,-5.60858,,,,,251745.612,122353.118,43.533,,999,,23.474,,99.94503,,243743.6,*,,,,,,266.38,0.0,,,191.969799,58.993916,19.99557281217,-7.4137403,20.3578183695216,3.9755453,169.31081258,9.4128636,23.4002699,67.7065,/T,2.6878,67.7,0.9508,109.6334,86.273,123.939,1.72798,Boo,64.182919,188.0154179,57.340363,,,87.283993,61.921068,,0.0,3.212,2.725,4.189,0.443,-40.204,5.8238048,4.212,93645.867,0.0005085,13.16,47.84,0.624738,255.9912,,2.6869,189.9191,58.1812,24.0,16.0
211,c4d_181203_023621_opi_g_v1.fits.fz a043921055615583f41170768718e568,58455.1091033918,g,90,30.9895059556062,-54.6171779631323,DES survey hex 318-542 tiling,CTIO-4m/DECam,https://astroarchive.noirlab.edu/api/retrieve/a043921055615583f41170768718e568,,PANSTARRS (C/2012 A1),2004-Aug-17 04:22:23.359,2453234.682214803,10.1,,5.25,,217.055922444,47.884228791,217.096191818,47.868176417,0.621264,-5.58782,,,,,245911.93,124366.479,43.321,,999,,23.473,,99.94565,,240909.2,*,,,,,,264.51,0.0,,,191.932582,58.995043,19.98700896646,-7.4143767,20.3622037898556,3.6151322,169.34728501,9.4148918,23.3451742,66.9192,/T,2.6726,58.2,1.4316,110.4353,84.41,123.877,1.78437,Boo,64.182879,188.1066165,57.2838298,,,87.152067,61.96312,,0.0,3.21,2.731,4.191,0.442,-40.288,5.8262996,4.215,93502.6252,0.0005082,13.37,48.6,0.623782,256.0104,,2.6716,189.9462,58.1526,24.0,16.0
212,c4d_230814_062600_opi_g_v1.fits.fz 247f3d19f80fb561bb3775e685bdf8f9,60170.2682318905,g,30,357.0233898279,-60.3643727006908,g band test image,CTIO-4m/DECam,https://astroarchive.noirlab.edu/api/retrieve/247f3d19f80fb561bb3775e685bdf8f9,,PANSTARRS (C/2012 A1),2004-Aug-20 04:22:23.359,2453237.682214803,10.1,,5.25,,217.079320598,47.772889892,217.119291343,47.756784717,0.952833,-5.54287,,,,,237150.516,127483.143,42.902,,999,,23.472,,99.94659,,236797.3,*,,,,,,261.69,0.0,,,191.876691,58.996716,19.97416180032,-7.4153307,20.3679819097148,3.0496501,169.39534017,9.4179365,23.2786884,65.777,/T,2.6494,56.0,17.3028,111.5995,81.582,123.794,1.86515,Boo,64.182819,188.2505118,57.2026938,,,86.947056,62.021214,,0.0,3.207,2.741,4.196,0.442,-40.414,5.830874,4.219,93283.6868,0.0005077,13.67,49.69,0.622322,256.039,,2.6485,189.9907,58.1115,24.0,16.0
213,c4d_241204_011203_opi_g_v1.fits.fz 30ec87366bcf73ba7642014a90f26ce2,60648.0502142653,g,30,342.144822821636,-59.1418909154158,unknown,CTIO-4m/DECam,https://astroarchive.noirlab.edu/api/retrieve/30ec87366bcf73ba7642014a90f26ce2,,PANSTARRS (C/2012 A1),2004-Aug-21 04:22:23.359,2453238.682214803,10.1,,5.25,,217.089289389,47.735996199,217.129154002,47.719877016,1.061877,-5.52429,,,,,234226.015,128546.629,42.735,,999,,23.472,,99.9469,,235466.0,*,,,,,,260.74,0.0,,,191.858044,58.997268,19.96987903896,-7.4156484,20.3696872074413,2.8550221,169.4095227,9.4189521,23.2610004,65.4072,/T,2.6417,59.3,26.1742,111.9767,80.631,123.769,1.89102,Boo,64.1828,188.3003128,57.1766518,,,86.876933,62.039225,,0.0,3.206,2.744,4.197,0.442,-40.456,5.8326112,4.22,93209.6686,0.0005075,13.77,50.04,0.621828,256.0486,,2.6407,190.0065,58.0983,24.0,16.0
