Image,MJD,Filter,Exptime,Object_RA,Object_Dec,Image_target,Telescope/Instrument,MetaData,Datalink
980324104017a,50896.4446412037,none,20,167.595812153743,-11.9417106111755,980324104017a,NEAT-GEODSS-Maui,https://sbnarchive.psi.edu/pds3/neat/geodss/data/g19980324/obsdata/980324104017a.fit.fz,
980324105438a,50896.4546064815,none,20,167.595208423996,-11.9414351819696,980324105438a,NEAT-GEODSS-Maui,https://sbnarchive.psi.edu/pds3/neat/geodss/data/g19980324/obsdata/980324105438a.fit.fz,
980324110902a,50896.4646064815,none,20,167.594602590662,-11.9411587930807,980324110902a,NEAT-GEODSS-Maui,https://sbnarchive.psi.edu/pds3/neat/geodss/data/g19980324/obsdata/980324110902a.fit.fz,
980522054525a,50955.2398726852,none,20,164.992709430459,-10.3014085085517,980522054525a,NEAT-GEODSS-Maui,https://sbnarchive.psi.edu/pds3/neat/geodss/data/g19980522/obsdata/980522054525a.fit.fz,
980522061420a,50955.2599537037,none,20,164.992273505016,-10.3009427404836,980522061420a,NEAT-GEODSS-Maui,https://sbnarchive.psi.edu/pds3/neat/geodss/data/g19980522/obsdata/980522061420a.fit.fz,
980522064315a,50955.2800347222,none,20,164.991837579572,-10.3004769724156,980522064315a,NEAT-GEODSS-Maui,https://sbnarchive.psi.edu/pds3/neat/geodss/data/g19980522/obsdata/980522064315a.fit.fz,
200211060032723101,52585.2033217592,U,120,146.56754959105,-2.95948252893398,0942-029,INT/WFC,http://casu.ast.cam.ac.uk/casuadc/ingarch/displayResults?objname=&amp;coordinates=&amp;radius=&amp;nightobs=20021106&amp;telescope=&amp;instrument=&amp;waveband=&amp;pattref=&amp;runno=0327231,
200211060032723201,52585.204375,V,20,146.56753625,-2.95950517361114,0942-029,INT/WFC,http://casu.ast.cam.ac.uk/casuadc/ingarch/displayResults?objname=&amp;coordinates=&amp;radius=&amp;nightobs=20021106&amp;telescope=&amp;instrument=&amp;waveband=&amp;pattref=&amp;runno=0327232,
200211060032723301,52585.2061111111,i,10,146.567514259259,-2.95954249999983,0942-029,INT/WFC,http://casu.ast.cam.ac.uk/casuadc/ingarch/displayResults?objname=&amp;coordinates=&amp;radius=&amp;nightobs=20021106&amp;telescope=&amp;instrument=&amp;waveband=&amp;pattref=&amp;runno=0327233,
200211070032733601,52586.1812962963,U,60,146.554867307098,-2.98043847736636,0942-029,INT/WFC,http://casu.ast.cam.ac.uk/casuadc/ingarch/displayResults?objname=&amp;coordinates=&amp;radius=&amp;nightobs=20021107&amp;telescope=&amp;instrument=&amp;waveband=&amp;pattref=&amp;runno=0327336,
200211070032733701,52586.1824189814,V,20,146.554851262057,-2.98046217849621,0942-029,INT/WFC,http://casu.ast.cam.ac.uk/casuadc/ingarch/displayResults?objname=&amp;coordinates=&amp;radius=&amp;nightobs=20021107&amp;telescope=&amp;instrument=&amp;waveband=&amp;pattref=&amp;runno=0327337,
200211070032733801,52586.183275463,i,10,146.554839021508,-2.98048025977447,0942-029,INT/WFC,http://casu.ast.cam.ac.uk/casuadc/ingarch/displayResults?objname=&amp;coordinates=&amp;radius=&amp;nightobs=20021107&amp;telescope=&amp;instrument=&amp;waveband=&amp;pattref=&amp;runno=0327338,
200211070032734401,52586.2804282407,U,60,146.553450546393,-2.98253126285925,0942-029,INT/WFC,http://casu.ast.cam.ac.uk/casuadc/ingarch/displayResults?objname=&amp;coordinates=&amp;radius=&amp;nightobs=20021107&amp;telescope=&amp;instrument=&amp;waveband=&amp;pattref=&amp;runno=0327344,
200211070032734501,52586.281412037,V,20,146.553436486304,-2.98255203189227,0942-029,INT/WFC,http://casu.ast.cam.ac.uk/casuadc/ingarch/displayResults?objname=&amp;coordinates=&amp;radius=&amp;nightobs=20021107&amp;telescope=&amp;instrument=&amp;waveband=&amp;pattref=&amp;runno=0327345,
200211070032734601,52586.2823148148,i,10,146.553423584105,-2.9825710905347,0942-029,INT/WFC,http://casu.ast.cam.ac.uk/casuadc/ingarch/displayResults?objname=&amp;coordinates=&amp;radius=&amp;nightobs=20021107&amp;telescope=&amp;instrument=&amp;waveband=&amp;pattref=&amp;runno=0327346,
200211080032743901,52587.2821875,U,60,146.538663424479,-3.00357761284724,0942-029,INT/WFC,http://casu.ast.cam.ac.uk/casuadc/ingarch/displayResults?objname=&amp;coordinates=&amp;radius=&amp;nightobs=20021108&amp;telescope=&amp;instrument=&amp;waveband=&amp;pattref=&amp;runno=0327439,
200211080032744001,52587.2832175925,V,20,146.53864698592,-3.00359898726659,0942-029,INT/WFC,http://casu.ast.cam.ac.uk/casuadc/ingarch/displayResults?objname=&amp;coordinates=&amp;radius=&amp;nightobs=20021108&amp;telescope=&amp;instrument=&amp;waveband=&amp;pattref=&amp;runno=0327440,
200211080032744101,52587.2840972223,i,10,146.538632948494,-3.00361723958491,0942-029,INT/WFC,http://casu.ast.cam.ac.uk/casuadc/ingarch/displayResults?objname=&amp;coordinates=&amp;radius=&amp;nightobs=20021108&amp;telescope=&amp;instrument=&amp;waveband=&amp;pattref=&amp;runno=0327441,
200211090032752401,52588.2676736111,U,60,146.522490585937,-3.02391491898131,0942-029,INT/WFC,http://casu.ast.cam.ac.uk/casuadc/ingarch/displayResults?objname=&amp;coordinates=&amp;radius=&amp;nightobs=20021109&amp;telescope=&amp;instrument=&amp;waveband=&amp;pattref=&amp;runno=0327524,
200211090032752501,52588.26875,V,20,146.522471614583,-3.02393680555561,0942-029,INT/WFC,http://casu.ast.cam.ac.uk/casuadc/ingarch/displayResults?objname=&amp;coordinates=&amp;radius=&amp;nightobs=20021109&amp;telescope=&amp;instrument=&amp;waveband=&amp;pattref=&amp;runno=0327525,
200211090032752601,52588.2696875,i,10,146.522455091146,-3.02395586805548,0942-029,INT/WFC,http://casu.ast.cam.ac.uk/casuadc/ingarch/displayResults?objname=&amp;coordinates=&amp;radius=&amp;nightobs=20021109&amp;telescope=&amp;instrument=&amp;waveband=&amp;pattref=&amp;runno=0327526,
200211100032761001,52589.2786342592,U,120,146.504196404322,-3.04435502121797,0942-029,INT/WFC,http://casu.ast.cam.ac.uk/casuadc/ingarch/displayResults?objname=&amp;coordinates=&amp;radius=&amp;nightobs=20021110&amp;telescope=&amp;instrument=&amp;waveband=&amp;pattref=&amp;runno=0327610,
200211100032761101,52589.2803703704,V,40,146.504162839505,-3.04438959876598,0942-029,INT/WFC,http://casu.ast.cam.ac.uk/casuadc/ingarch/displayResults?objname=&amp;coordinates=&amp;radius=&amp;nightobs=20021110&amp;telescope=&amp;instrument=&amp;waveband=&amp;pattref=&amp;runno=0327611,
200211120032781901,52591.2739467592,U,120,146.462934377895,-3.08347020768913,0942-029,INT/WFC,http://casu.ast.cam.ac.uk/casuadc/ingarch/displayResults?objname=&amp;coordinates=&amp;radius=&amp;nightobs=20021112&amp;telescope=&amp;instrument=&amp;waveband=&amp;pattref=&amp;runno=0327819,
200211120032782001,52591.2748842592,V,20,146.46291304977,-3.08348807227248,0942-029,INT/WFC,http://casu.ast.cam.ac.uk/casuadc/ingarch/displayResults?objname=&amp;coordinates=&amp;radius=&amp;nightobs=20021112&amp;telescope=&amp;instrument=&amp;waveband=&amp;pattref=&amp;runno=0327820,
200211120032782101,52591.2759143519,i,10,146.462889615161,-3.0835077012612,0942-029,INT/WFC,http://casu.ast.cam.ac.uk/casuadc/ingarch/displayResults?objname=&amp;coordinates=&amp;radius=&amp;nightobs=20021112&amp;telescope=&amp;instrument=&amp;waveband=&amp;pattref=&amp;runno=0327821,
04613b126-w1-int-1b,55332.1669535063,w1,8,322.471741251391,1.6861100590091,04613b126,WISE,http://irsa.ipac.caltech.edu/ibe/data/wise/merge/merge_p1bm_frm/3b/04613b/126/04613b126-w1-int-1b.fits,
04613b126-w2-int-1b,55332.1669535063,w2,8,322.471741251391,1.6861100590091,04613b126,WISE,http://irsa.ipac.caltech.edu/ibe/data/wise/merge/merge_p1bm_frm/3b/04613b/126/04613b126-w2-int-1b.fits,
04613b126-w3-int-1b,55332.1669592933,w3,9,322.471741074887,1.68611013118592,04613b126,WISE,http://irsa.ipac.caltech.edu/ibe/data/wise/merge/merge_p1bm_frm/3b/04613b/126/04613b126-w3-int-1b.fits,
04613b126-w4-int-1b,55332.1669592933,w4,9,322.471741074887,1.68611013118592,04613b126,WISE,http://irsa.ipac.caltech.edu/ibe/data/wise/merge/merge_p1bm_frm/3b/04613b/126/04613b126-w4-int-1b.fits,
04617b126-w1-int-1b,55332.2992574863,w1,8,322.467705980001,1.6877601836486,04617b126,WISE,http://irsa.ipac.caltech.edu/ibe/data/wise/merge/merge_p1bm_frm/7b/04617b/126/04617b126-w1-int-1b.fits,
04617b126-w2-int-1b,55332.2992574863,w2,8,322.467705980001,1.6877601836486,04617b126,WISE,http://irsa.ipac.caltech.edu/ibe/data/wise/merge/merge_p1bm_frm/7b/04617b/126/04617b126-w2-int-1b.fits,
04617b126-w3-int-1b,55332.2992632733,w3,9,322.467705803497,1.68776025582533,04617b126,WISE,http://irsa.ipac.caltech.edu/ibe/data/wise/merge/merge_p1bm_frm/7b/04617b/126/04617b126-w3-int-1b.fits,
04617b126-w4-int-1b,55332.2992632733,w4,9,322.467705803497,1.68776025582533,04617b126,WISE,http://irsa.ipac.caltech.edu/ibe/data/wise/merge/merge_p1bm_frm/7b/04617b/126/04617b126-w4-int-1b.fits,
04621b125-w1-int-1b,55332.4314341063,w1,8,322.463674593091,1.6894087198258,04621b125,WISE,http://irsa.ipac.caltech.edu/ibe/data/wise/merge/merge_p1bm_frm/1b/04621b/125/04621b125-w1-int-1b.fits,
04621b125-w2-int-1b,55332.4314341063,w2,8,322.463674593091,1.6894087198258,04621b125,WISE,http://irsa.ipac.caltech.edu/ibe/data/wise/merge/merge_p1bm_frm/1b/04621b/125/04621b125-w2-int-1b.fits,
04621b125-w3-int-1b,55332.4314398933,w3,9,322.463674416587,1.68940879200253,04621b125,WISE,http://irsa.ipac.caltech.edu/ibe/data/wise/merge/merge_p1bm_frm/1b/04621b/125/04621b125-w3-int-1b.fits,
04621b125-w4-int-1b,55332.4314398933,w4,9,322.463674416587,1.68940879200253,04621b125,WISE,http://irsa.ipac.caltech.edu/ibe/data/wise/merge/merge_p1bm_frm/1b/04621b/125/04621b125-w4-int-1b.fits,
04621b126-w1-int-1b,55332.4315614263,w1,8,322.463670709831,1.68941030778917,04621b126,WISE,http://irsa.ipac.caltech.edu/ibe/data/wise/merge/merge_p1bm_frm/1b/04621b/126/04621b126-w1-int-1b.fits,
04621b126-w2-int-1b,55332.4315614263,w2,8,322.463670709831,1.68941030778917,04621b126,WISE,http://irsa.ipac.caltech.edu/ibe/data/wise/merge/merge_p1bm_frm/1b/04621b/126/04621b126-w2-int-1b.fits,
04621b126-w3-int-1b,55332.4315672133,w3,9,322.463670533327,1.6894103799659,04621b126,WISE,http://irsa.ipac.caltech.edu/ibe/data/wise/merge/merge_p1bm_frm/1b/04621b/126/04621b126-w3-int-1b.fits,
04621b126-w4-int-1b,55332.4315672133,w4,9,322.463670533327,1.6894103799659,04621b126,WISE,http://irsa.ipac.caltech.edu/ibe/data/wise/merge/merge_p1bm_frm/1b/04621b/126/04621b126-w4-int-1b.fits,
04625b125-w1-int-1b,55332.5637380463,w1,8,322.459639322921,1.69105884396637,04625b125,WISE,http://irsa.ipac.caltech.edu/ibe/data/wise/merge/merge_p1bm_frm/5b/04625b/125/04625b125-w1-int-1b.fits,
04625b125-w2-int-1b,55332.5637380463,w2,8,322.459639322921,1.69105884396637,04625b125,WISE,http://irsa.ipac.caltech.edu/ibe/data/wise/merge/merge_p1bm_frm/5b/04625b/125/04625b125-w2-int-1b.fits,
04625b125-w3-int-1b,55332.5637438333,w3,9,322.459639146417,1.6910589161431,04625b125,WISE,http://irsa.ipac.caltech.edu/ibe/data/wise/merge/merge_p1bm_frm/5b/04625b/125/04625b125-w3-int-1b.fits,
04625b125-w4-int-1b,55332.5637438333,w4,9,322.459639146417,1.6910589161431,04625b125,WISE,http://irsa.ipac.caltech.edu/ibe/data/wise/merge/merge_p1bm_frm/5b/04625b/125/04625b125-w4-int-1b.fits,
04625b126-w1-int-1b,55332.5638654063,w1,8,322.459635438441,1.69106043242858,04625b126,WISE,http://irsa.ipac.caltech.edu/ibe/data/wise/merge/merge_p1bm_frm/5b/04625b/126/04625b126-w1-int-1b.fits,
04625b126-w2-int-1b,55332.5638654063,w2,8,322.459635438441,1.69106043242858,04625b126,WISE,http://irsa.ipac.caltech.edu/ibe/data/wise/merge/merge_p1bm_frm/5b/04625b/126/04625b126-w2-int-1b.fits,
04625b126-w3-int-1b,55332.5638711933,w3,9,322.459635261937,1.69106050460531,04625b126,WISE,http://irsa.ipac.caltech.edu/ibe/data/wise/merge/merge_p1bm_frm/5b/04625b/126/04625b126-w3-int-1b.fits,
04625b126-w4-int-1b,55332.5638711933,w4,9,322.459635261937,1.69106050460531,04625b126,WISE,http://irsa.ipac.caltech.edu/ibe/data/wise/merge/merge_p1bm_frm/5b/04625b/126/04625b126-w4-int-1b.fits,
04629b125-w1-int-1b,55332.6960420263,w1,8,322.455604051531,1.69270896860578,04629b125,WISE,http://irsa.ipac.caltech.edu/ibe/data/wise/merge/merge_p1bm_frm/9b/04629b/125/04629b125-w1-int-1b.fits,
04629b125-w2-int-1b,55332.6960420263,w2,8,322.455604051531,1.69270896860578,04629b125,WISE,http://irsa.ipac.caltech.edu/ibe/data/wise/merge/merge_p1bm_frm/9b/04629b/125/04629b125-w2-int-1b.fits,
04629b125-w3-int-1b,55332.6960478133,w3,9,322.455603875027,1.69270904078251,04629b125,WISE,http://irsa.ipac.caltech.edu/ibe/data/wise/merge/merge_p1bm_frm/9b/04629b/125/04629b125-w3-int-1b.fits,
04629b125-w4-int-1b,55332.6960478133,w4,9,322.455603875027,1.69270904078251,04629b125,WISE,http://irsa.ipac.caltech.edu/ibe/data/wise/merge/merge_p1bm_frm/9b/04629b/125/04629b125-w4-int-1b.fits,
04629b126-w1-int-1b,55332.6961693563,w1,8,322.455600167966,1.69271055669384,04629b126,WISE,http://irsa.ipac.caltech.edu/ibe/data/wise/merge/merge_p1bm_frm/9b/04629b/126/04629b126-w1-int-1b.fits,
04629b126-w2-int-1b,55332.6961693563,w2,8,322.455600167966,1.69271055669384,04629b126,WISE,http://irsa.ipac.caltech.edu/ibe/data/wise/merge/merge_p1bm_frm/9b/04629b/126/04629b126-w2-int-1b.fits,
04629b126-w3-int-1b,55332.6961751433,w3,9,322.455599991462,1.69271062887057,04629b126,WISE,http://irsa.ipac.caltech.edu/ibe/data/wise/merge/merge_p1bm_frm/9b/04629b/126/04629b126-w3-int-1b.fits,
04629b126-w4-int-1b,55332.6961751433,w4,9,322.455599991462,1.69271062887057,04629b126,WISE,http://irsa.ipac.caltech.edu/ibe/data/wise/merge/merge_p1bm_frm/9b/04629b/126/04629b126-w4-int-1b.fits,
04632a101-w1-int-1b,55332.7622577063,w1,8,322.453584473291,1.69353482528137,04632a101,WISE,http://irsa.ipac.caltech.edu/ibe/data/wise/merge/merge_p1bm_frm/2a/04632a/101/04632a101-w1-int-1b.fits,
04632a101-w2-int-1b,55332.7622577063,w2,8,322.453584473291,1.69353482528137,04632a101,WISE,http://irsa.ipac.caltech.edu/ibe/data/wise/merge/merge_p1bm_frm/2a/04632a/101/04632a101-w2-int-1b.fits,
04632a101-w3-int-1b,55332.7622634933,w3,9,322.453584296787,1.6935348974581,04632a101,WISE,http://irsa.ipac.caltech.edu/ibe/data/wise/merge/merge_p1bm_frm/2a/04632a/101/04632a101-w3-int-1b.fits,
04632a101-w4-int-1b,55332.7622634933,w4,9,322.453584296787,1.6935348974581,04632a101,WISE,http://irsa.ipac.caltech.edu/ibe/data/wise/merge/merge_p1bm_frm/2a/04632a/101/04632a101-w4-int-1b.fits,
04633b126-w1-int-1b,55332.8284733763,w1,8,322.451564895356,1.69436068183218,04633b126,WISE,http://irsa.ipac.caltech.edu/ibe/data/wise/merge/merge_p1bm_frm/3b/04633b/126/04633b126-w1-int-1b.fits,
04633b126-w2-int-1b,55332.8284733763,w2,8,322.451564895356,1.69436068183218,04633b126,WISE,http://irsa.ipac.caltech.edu/ibe/data/wise/merge/merge_p1bm_frm/3b/04633b/126/04633b126-w2-int-1b.fits,
04633b126-w3-int-1b,55332.8284791633,w3,9,322.451564718852,1.69436075400891,04633b126,WISE,http://irsa.ipac.caltech.edu/ibe/data/wise/merge/merge_p1bm_frm/3b/04633b/126/04633b126-w3-int-1b.fits,
04633b126-w4-int-1b,55332.8284791633,w4,9,322.451564718852,1.69436075400891,04633b126,WISE,http://irsa.ipac.caltech.edu/ibe/data/wise/merge/merge_p1bm_frm/3b/04633b/126/04633b126-w4-int-1b.fits,
04636a101-w1-int-1b,55332.8945616863,w1,8,322.449549201901,1.69518494992078,04636a101,WISE,http://irsa.ipac.caltech.edu/ibe/data/wise/merge/merge_p1bm_frm/6a/04636a/101/04636a101-w1-int-1b.fits,
04636a101-w2-int-1b,55332.8945616863,w2,8,322.449549201901,1.69518494992078,04636a101,WISE,http://irsa.ipac.caltech.edu/ibe/data/wise/merge/merge_p1bm_frm/6a/04636a/101/04636a101-w2-int-1b.fits,
04636a101-w3-int-1b,55332.8945674733,w3,9,322.449549025397,1.69518502209751,04636a101,WISE,http://irsa.ipac.caltech.edu/ibe/data/wise/merge/merge_p1bm_frm/6a/04636a/101/04636a101-w3-int-1b.fits,
04636a101-w4-int-1b,55332.8945674733,w4,9,322.449549025397,1.69518502209751,04636a101,WISE,http://irsa.ipac.caltech.edu/ibe/data/wise/merge/merge_p1bm_frm/6a/04636a/101/04636a101-w4-int-1b.fits,
04637b126-w1-int-1b,55332.9607773563,w1,8,322.447529623966,1.69601080647159,04637b126,WISE,http://irsa.ipac.caltech.edu/ibe/data/wise/merge/merge_p1bm_frm/7b/04637b/126/04637b126-w1-int-1b.fits,
04637b126-w2-int-1b,55332.9607773563,w2,8,322.447529623966,1.69601080647159,04637b126,WISE,http://irsa.ipac.caltech.edu/ibe/data/wise/merge/merge_p1bm_frm/7b/04637b/126/04637b126-w2-int-1b.fits,
04637b126-w3-int-1b,55332.9607831433,w3,9,322.447529447462,1.69601087864841,04637b126,WISE,http://irsa.ipac.caltech.edu/ibe/data/wise/merge/merge_p1bm_frm/7b/04637b/126/04637b126-w3-int-1b.fits,
04637b126-w4-int-1b,55332.9607831433,w4,9,322.447529447462,1.69601087864841,04637b126,WISE,http://irsa.ipac.caltech.edu/ibe/data/wise/merge/merge_p1bm_frm/7b/04637b/126/04637b126-w4-int-1b.fits,
04640a101-w1-int-1b,55333.0268656663,w1,8,322.445474751414,1.69682164172713,04640a101,WISE,http://irsa.ipac.caltech.edu/ibe/data/wise/merge/merge_p1bm_frm/0a/04640a/101/04640a101-w1-int-1b.fits,
04640a101-w2-int-1b,55333.0268656663,w2,8,322.445474751414,1.69682164172713,04640a101,WISE,http://irsa.ipac.caltech.edu/ibe/data/wise/merge/merge_p1bm_frm/0a/04640a/101/04640a101-w2-int-1b.fits,
04640a101-w3-int-1b,55333.0268714533,w3,9,322.445474566471,1.69682171101036,04640a101,WISE,http://irsa.ipac.caltech.edu/ibe/data/wise/merge/merge_p1bm_frm/0a/04640a/101/04640a101-w3-int-1b.fits,
04640a101-w4-int-1b,55333.0268714533,w4,9,322.445474566471,1.69682171101036,04640a101,WISE,http://irsa.ipac.caltech.edu/ibe/data/wise/merge/merge_p1bm_frm/0a/04640a/101/04640a101-w4-int-1b.fits,
04644a101-w1-int-1b,55333.1591696563,w1,8,322.441246536401,1.69840561449623,04644a101,WISE,http://irsa.ipac.caltech.edu/ibe/data/wise/merge/merge_p1bm_frm/4a/04644a/101/04644a101-w1-int-1b.fits,
04644a101-w2-int-1b,55333.1591696563,w2,8,322.441246536401,1.69840561449623,04644a101,WISE,http://irsa.ipac.caltech.edu/ibe/data/wise/merge/merge_p1bm_frm/4a/04644a/101/04644a101-w2-int-1b.fits,
04644a101-w3-int-1b,55333.1591754433,w3,9,322.441246351457,1.69840568377954,04644a101,WISE,http://irsa.ipac.caltech.edu/ibe/data/wise/merge/merge_p1bm_frm/4a/04644a/101/04644a101-w3-int-1b.fits,
04644a101-w4-int-1b,55333.1591754433,w4,9,322.441246351457,1.69840568377954,04644a101,WISE,http://irsa.ipac.caltech.edu/ibe/data/wise/merge/merge_p1bm_frm/4a/04644a/101/04644a101-w4-int-1b.fits,
04648a101-w1-int-1b,55333.2914735863,w1,8,322.437018323304,1.69998958654711,04648a101,WISE,http://irsa.ipac.caltech.edu/ibe/data/wise/merge/merge_p1bm_frm/8a/04648a/101/04648a101-w1-int-1b.fits,
04648a101-w2-int-1b,55333.2914735863,w2,8,322.437018323304,1.69998958654711,04648a101,WISE,http://irsa.ipac.caltech.edu/ibe/data/wise/merge/merge_p1bm_frm/8a/04648a/101/04648a101-w2-int-1b.fits,
04648a101-w3-int-1b,55333.2914793733,w3,9,322.437018138361,1.69998965583034,04648a101,WISE,http://irsa.ipac.caltech.edu/ibe/data/wise/merge/merge_p1bm_frm/8a/04648a/101/04648a101-w3-int-1b.fits,
04648a101-w4-int-1b,55333.2914793733,w4,9,322.437018138361,1.69998965583034,04648a101,WISE,http://irsa.ipac.caltech.edu/ibe/data/wise/merge/merge_p1bm_frm/8a/04648a/101/04648a101-w4-int-1b.fits,
04652a101-w1-int-1b,55333.4237775763,w1,8,322.43279010829,1.70157355931629,04652a101,WISE,http://irsa.ipac.caltech.edu/ibe/data/wise/merge/merge_p1bm_frm/2a/04652a/101/04652a101-w1-int-1b.fits,
04652a101-w2-int-1b,55333.4237775763,w2,8,322.43279010829,1.70157355931629,04652a101,WISE,http://irsa.ipac.caltech.edu/ibe/data/wise/merge/merge_p1bm_frm/2a/04652a/101/04652a101-w2-int-1b.fits,
04652a101-w3-int-1b,55333.4237833633,w3,9,322.432789923348,1.70157362859953,04652a101,WISE,http://irsa.ipac.caltech.edu/ibe/data/wise/merge/merge_p1bm_frm/2a/04652a/101/04652a101-w3-int-1b.fits,
04652a101-w4-int-1b,55333.4237833633,w4,9,322.432789923348,1.70157362859953,04652a101,WISE,http://irsa.ipac.caltech.edu/ibe/data/wise/merge/merge_p1bm_frm/2a/04652a/101/04652a101-w4-int-1b.fits,
04656a101-w1-int-1b,55333.5560815163,w1,8,322.428561894875,1.70315753148678,04656a101,WISE,http://irsa.ipac.caltech.edu/ibe/data/wise/merge/merge_p1bm_frm/6a/04656a/101/04656a101-w1-int-1b.fits,
04656a101-w2-int-1b,55333.5560815163,w2,8,322.428561894875,1.70315753148678,04656a101,WISE,http://irsa.ipac.caltech.edu/ibe/data/wise/merge/merge_p1bm_frm/6a/04656a/101/04656a101-w2-int-1b.fits,
04656a101-w3-int-1b,55333.5560873033,w3,9,322.428561709932,1.7031576007701,04656a101,WISE,http://irsa.ipac.caltech.edu/ibe/data/wise/merge/merge_p1bm_frm/6a/04656a/101/04656a101-w3-int-1b.fits,
04656a101-w4-int-1b,55333.5560873033,w4,9,322.428561709932,1.7031576007701,04656a101,WISE,http://irsa.ipac.caltech.edu/ibe/data/wise/merge/merge_p1bm_frm/6a/04656a/101/04656a101-w4-int-1b.fits,
1204904p,55356.5544328704,I.MP9702,300,321.321358701773,1.84537046392747,CDE2143J6P28,CFHT/MegaCam,https://ws.cadc-ccda.hia-iha.nrc-cnrc.gc.ca/data/pub/CFHT/1204904p.fits.fz,
1204905p,55356.5584606481,I.MP9702,300,321.321101595297,1.84537012827932,CDE2143J6P28,CFHT/MegaCam,https://ws.cadc-ccda.hia-iha.nrc-cnrc.gc.ca/data/pub/CFHT/1204905p.fits.fz,
1204906p,55356.5625,I.MP9702,300,321.32084375,1.84536979166667,CDE2143J6P28,CFHT/MegaCam,https://ws.cadc-ccda.hia-iha.nrc-cnrc.gc.ca/data/pub/CFHT/1204906p.fits.fz,
1205027p,55357.5402430555,I.MP9702,300,321.25771082755,1.84497317129634,CDE2143J6P28,CFHT/MegaCam,https://ws.cadc-ccda.hia-iha.nrc-cnrc.gc.ca/data/pub/CFHT/1205027p.fits.fz,
1205028p,55357.5443518518,I.MP9702,300,321.257443070991,1.8449704320988,CDE2143J6P28,CFHT/MegaCam,https://ws.cadc-ccda.hia-iha.nrc-cnrc.gc.ca/data/pub/CFHT/1205028p.fits.fz,
1205029p,55357.5484027778,I.MP9702,300,321.257179085647,1.84496773148147,CDE2143J6P28,CFHT/MegaCam,https://ws.cadc-ccda.hia-iha.nrc-cnrc.gc.ca/data/pub/CFHT/1205029p.fits.fz,
rings.v3.skycell.1402.044.wrp.z.55371_50803,55371.5086012111,z,30,320.224814458872,1.77564242209703,1402.044,Pan-STARRS1,,
rings.v3.skycell.1402.044.wrp.z.55371_51900,55371.5195792111,z,30,320.223912890622,1.7755405706526,1402.044,Pan-STARRS1,,
rings.v3.skycell.1401.023.wrp.i.55409_50010,55409.5007675167,i,45,316.522043451351,0.983961998294791,1401.023,Pan-STARRS1,,
rings.v3.skycell.1401.024.wrp.r.55413_50884,55413.5094761815,r,40,316.095930260875,0.854337694742969,1401.024,Pan-STARRS1,,
rings.v3.skycell.1401.024.wrp.r.55413_51977,55413.5204010815,r,40,316.094769035046,0.853974441817917,1401.024,Pan-STARRS1,,
rings.v3.skycell.1401.024.wrp.g.55414_50111,55414.5017557426,g,43,315.990480119015,0.821121396783941,1401.024,Pan-STARRS1,,
rings.v3.skycell.1401.025.wrp.g.55414_50111,55414.5017557426,g,43,315.990480119015,0.821121396783941,1401.025,Pan-STARRS1,,
rings.v3.skycell.1401.024.wrp.g.55414_51226,55414.5129091426,g,43,315.989295070266,0.820745589167435,1401.024,Pan-STARRS1,,
rings.v3.skycell.1401.025.wrp.g.55414_51226,55414.5129091426,g,43,315.989295070266,0.820745589167435,1401.025,Pan-STARRS1,,
rings.v3.skycell.1401.017.wrp.g.55422_38860,55422.3892502426,g,43,315.157740016315,0.542989796633178,1401.017,Pan-STARRS1,,
rings.v3.skycell.1401.017.wrp.r.55422_50385,55422.5044860815,r,40,315.14569787115,0.538751678558047,1401.017,Pan-STARRS1,,
rings.v3.skycell.1401.017.wrp.r.55422_51538,55422.5160117815,r,40,315.1444934355,0.538327788924722,1401.017,Pan-STARRS1,,
rings.v3.skycell.1310.091.wrp.i.55442_26378,55442.2644471167,i,45,313.186361977043,-0.23849751741528,1310.091,Pan-STARRS1,,
rings.v3.skycell.1310.092.wrp.i.55442_26378,55442.2644471167,i,45,313.186361977043,-0.23849751741528,1310.092,Pan-STARRS1,,
rings.v3.skycell.1310.091.wrp.i.55442_26446,55442.2651169167,i,45,313.186300522893,-0.238525090848603,1310.091,Pan-STARRS1,,
rings.v3.skycell.1310.092.wrp.i.55442_26446,55442.2651169167,i,45,313.186300522893,-0.238525090848603,1310.092,Pan-STARRS1,,
rings.v3.skycell.1310.091.wrp.i.55442_27481,55442.2754735167,i,45,313.185350304843,-0.238951437548445,1310.091,Pan-STARRS1,,
rings.v3.skycell.1310.092.wrp.i.55442_27481,55442.2754735167,i,45,313.185350304843,-0.238951437548445,1310.092,Pan-STARRS1,,
rings.v3.skycell.1310.091.wrp.i.55442_27559,55442.2762479167,i,45,313.185279253643,-0.238983317015241,1310.091,Pan-STARRS1,,
rings.v3.skycell.1310.092.wrp.i.55442_27559,55442.2762479167,i,45,313.185279253643,-0.238983317015241,1310.092,Pan-STARRS1,,
rings.v3.skycell.1310.058.wrp.z.55479_22508,55479.2256565111,z,30,310.572791812262,-1.72474629429596,1310.058,Pan-STARRS1,,
rings.v3.skycell.1310.049.wrp.y.55491_24885,55491.2494270111,y,30,310.122412115768,-2.14202310819279,1310.049,Pan-STARRS1,,
rings.v3.skycell.1310.049.wrp.y.55491_26105,55491.2616259111,y,30,310.122065463693,-2.14241821700957,1310.049,Pan-STARRS1,,
09654a177-w1-int-1b,55498.8872147763,w1,8,309.944243794537,-2.37825616923427,09654a177,WISE,http://irsa.ipac.caltech.edu/ibe/data/wise/merge/merge_p1bm_frm/4a/09654a/177/09654a177-w1-int-1b.fits,
09654a177-w2-int-1b,55498.8872147763,w2,8,309.944243794537,-2.37825616923427,09654a177,WISE,http://irsa.ipac.caltech.edu/ibe/data/wise/merge/merge_p1bm_frm/4a/09654a/177/09654a177-w2-int-1b.fits,
09658a177-w1-int-1b,55499.0193914463,w1,8,309.941836204103,-2.38214622392736,09658a177,WISE,http://irsa.ipac.caltech.edu/ibe/data/wise/merge/merge_p1bm_frm/8a/09658a/177/09658a177-w1-int-1b.fits,
09658a177-w2-int-1b,55499.0193914463,w2,8,309.941836204103,-2.38214622392736,09658a177,WISE,http://irsa.ipac.caltech.edu/ibe/data/wise/merge/merge_p1bm_frm/8a/09658a/177/09658a177-w2-int-1b.fits,
09658a178-w1-int-1b,55499.0195187663,w1,8,309.941834034358,-2.38214991974391,09658a178,WISE,http://irsa.ipac.caltech.edu/ibe/data/wise/merge/merge_p1bm_frm/8a/09658a/178/09658a178-w1-int-1b.fits,
09658a178-w2-int-1b,55499.0195187663,w2,8,309.941834034358,-2.38214991974391,09658a178,WISE,http://irsa.ipac.caltech.edu/ibe/data/wise/merge/merge_p1bm_frm/8a/09658a/178/09658a178-w2-int-1b.fits,
09662b177-w1-int-1b,55499.1516953963,w1,8,309.939581524288,-2.38598671358704,09662b177,WISE,http://irsa.ipac.caltech.edu/ibe/data/wise/merge/merge_p1bm_frm/2b/09662b/177/09662b177-w1-int-1b.fits,
09662b177-w2-int-1b,55499.1516953963,w2,8,309.939581524288,-2.38598671358704,09662b177,WISE,http://irsa.ipac.caltech.edu/ibe/data/wise/merge/merge_p1bm_frm/2b/09662b/177/09662b177-w2-int-1b.fits,
09665a153-w1-int-1b,55499.2177837063,w1,8,309.938455269339,-2.3879051103634,09665a153,WISE,http://irsa.ipac.caltech.edu/ibe/data/wise/merge/merge_p1bm_frm/5a/09665a/153/09665a153-w1-int-1b.fits,
09665a153-w2-int-1b,55499.2177837063,w2,8,309.938455269339,-2.3879051103634,09665a153,WISE,http://irsa.ipac.caltech.edu/ibe/data/wise/merge/merge_p1bm_frm/5a/09665a/153/09665a153-w2-int-1b.fits,
09666a177-w1-int-1b,55499.2839993863,w1,8,309.937326843792,-2.38982720440792,09666a177,WISE,http://irsa.ipac.caltech.edu/ibe/data/wise/merge/merge_p1bm_frm/6a/09666a/177/09666a177-w1-int-1b.fits,
09666a177-w2-int-1b,55499.2839993863,w2,8,309.937326843792,-2.38982720440792,09666a177,WISE,http://irsa.ipac.caltech.edu/ibe/data/wise/merge/merge_p1bm_frm/6a/09666a/177/09666a177-w2-int-1b.fits,
09669a154-w1-int-1b,55499.3500876963,w1,8,309.936200588842,-2.39174560118428,09669a154,WISE,http://irsa.ipac.caltech.edu/ibe/data/wise/merge/merge_p1bm_frm/9a/09669a/154/09669a154-w1-int-1b.fits,
09669a154-w2-int-1b,55499.3500876963,w2,8,309.936200588842,-2.39174560118428,09669a154,WISE,http://irsa.ipac.caltech.edu/ibe/data/wise/merge/merge_p1bm_frm/9a/09669a/154/09669a154-w2-int-1b.fits,
09669a155-w1-int-1b,55499.3502150563,w1,8,309.936198418416,-2.39174929816204,09669a155,WISE,http://irsa.ipac.caltech.edu/ibe/data/wise/merge/merge_p1bm_frm/9a/09669a/155/09669a155-w1-int-1b.fits,
09669a155-w2-int-1b,55499.3502150563,w2,8,309.936198418416,-2.39174929816204,09669a155,WISE,http://irsa.ipac.caltech.edu/ibe/data/wise/merge/merge_p1bm_frm/9a/09669a/155/09669a155-w2-int-1b.fits,
09670a170-w1-int-1b,55499.4161760563,w1,8,309.935074333041,-2.39366399941204,09670a170,WISE,http://irsa.ipac.caltech.edu/ibe/data/wise/merge/merge_p1bm_frm/0a/09670a/170/09670a170-w1-int-1b.fits,
09670a170-w2-int-1b,55499.4161760563,w2,8,309.935074333041,-2.39366399941204,09670a170,WISE,http://irsa.ipac.caltech.edu/ibe/data/wise/merge/merge_p1bm_frm/0a/09670a/170/09670a170-w2-int-1b.fits,
09670a171-w1-int-1b,55499.4163033663,w1,8,309.935072163466,-2.3936676949384,09670a171,WISE,http://irsa.ipac.caltech.edu/ibe/data/wise/merge/merge_p1bm_frm/0a/09670a/171/09670a171-w1-int-1b.fits,
09670a171-w2-int-1b,55499.4163033663,w2,8,309.935072163466,-2.3936676949384,09670a171,WISE,http://irsa.ipac.caltech.edu/ibe/data/wise/merge/merge_p1bm_frm/0a/09670a/171/09670a171-w2-int-1b.fits,
09673a147-w1-int-1b,55499.4823916763,w1,8,309.933945908517,-2.39558609171476,09673a147,WISE,http://irsa.ipac.caltech.edu/ibe/data/wise/merge/merge_p1bm_frm/3a/09673a/147/09673a147-w1-int-1b.fits,
09673a147-w2-int-1b,55499.4823916763,w2,8,309.933945908517,-2.39558609171476,09673a147,WISE,http://irsa.ipac.caltech.edu/ibe/data/wise/merge/merge_p1bm_frm/3a/09673a/147/09673a147-w2-int-1b.fits,
09674a171-w1-int-1b,55499.5484800463,w1,8,309.932819652544,-2.39750449023293,09674a171,WISE,http://irsa.ipac.caltech.edu/ibe/data/wise/merge/merge_p1bm_frm/4a/09674a/171/09674a171-w1-int-1b.fits,
09674a171-w2-int-1b,55499.5484800463,w2,8,309.932819652544,-2.39750449023293,09674a171,WISE,http://irsa.ipac.caltech.edu/ibe/data/wise/merge/merge_p1bm_frm/4a/09674a/171/09674a171-w2-int-1b.fits,
09677a148-w1-int-1b,55499.6145683563,w1,8,309.931693397595,-2.39942288700929,09677a148,WISE,http://irsa.ipac.caltech.edu/ibe/data/wise/merge/merge_p1bm_frm/7a/09677a/148/09677a148-w1-int-1b.fits,
09677a148-w2-int-1b,55499.6145683563,w2,8,309.931693397595,-2.39942288700929,09677a148,WISE,http://irsa.ipac.caltech.edu/ibe/data/wise/merge/merge_p1bm_frm/7a/09677a/148/09677a148-w2-int-1b.fits,
09677a149-w1-int-1b,55499.6146957163,w1,8,309.931691227168,-2.39942658398704,09677a149,WISE,http://irsa.ipac.caltech.edu/ibe/data/wise/merge/merge_p1bm_frm/7a/09677a/149/09677a149-w1-int-1b.fits,
09677a149-w2-int-1b,55499.6146957163,w2,8,309.931691227168,-2.39942658398704,09677a149,WISE,http://irsa.ipac.caltech.edu/ibe/data/wise/merge/merge_p1bm_frm/7a/09677a/149/09677a149-w2-int-1b.fits,
09678a173-w1-int-1b,55499.6807840263,w1,8,309.930564972219,-2.4013449807634,09678a173,WISE,http://irsa.ipac.caltech.edu/ibe/data/wise/merge/merge_p1bm_frm/8a/09678a/173/09678a173-w1-int-1b.fits,
09678a173-w2-int-1b,55499.6807840263,w2,8,309.930564972219,-2.4013449807634,09678a173,WISE,http://irsa.ipac.caltech.edu/ibe/data/wise/merge/merge_p1bm_frm/8a/09678a/173/09678a173-w2-int-1b.fits,
09681a149-w1-int-1b,55499.7468723363,w1,8,309.929438717269,-2.40326337753976,09681a149,WISE,http://irsa.ipac.caltech.edu/ibe/data/wise/merge/merge_p1bm_frm/1a/09681a/149/09681a149-w1-int-1b.fits,
09681a149-w2-int-1b,55499.7468723363,w2,8,309.929438717269,-2.40326337753976,09681a149,WISE,http://irsa.ipac.caltech.edu/ibe/data/wise/merge/merge_p1bm_frm/1a/09681a/149/09681a149-w2-int-1b.fits,
09685a150-w1-int-1b,55499.8791763763,w1,8,309.927184035921,-2.40710386981204,09685a150,WISE,http://irsa.ipac.caltech.edu/ibe/data/wise/merge/merge_p1bm_frm/5a/09685a/150/09685a150-w1-int-1b.fits,
09685a150-w2-int-1b,55499.8791763763,w2,8,309.927184035921,-2.40710386981204,09685a150,WISE,http://irsa.ipac.caltech.edu/ibe/data/wise/merge/merge_p1bm_frm/5a/09685a/150/09685a150-w2-int-1b.fits,
09689a151-w1-int-1b,55500.0114803263,w1,8,309.924945141555,-2.41093957600243,09689a151,WISE,http://irsa.ipac.caltech.edu/ibe/data/wise/merge/merge_p1bm_frm/9a/09689a/151/09689a151-w1-int-1b.fits,
09689a151-w2-int-1b,55500.0114803263,w2,8,309.924945141555,-2.41093957600243,09689a151,WISE,http://irsa.ipac.caltech.edu/ibe/data/wise/merge/merge_p1bm_frm/9a/09689a/151/09689a151-w2-int-1b.fits,
rings.v3.skycell.1311.067.wrp.y.55699_56146,55699.5620311111,y,30,314.828107498333,-1.24420670679022,1311.067,Pan-STARRS1,,
rings.v3.skycell.1311.067.wrp.y.55699_56491,55699.5654779111,y,30,314.827987291183,-1.24418037706799,1311.067,Pan-STARRS1,,
rings.v3.skycell.1311.067.wrp.y.55699_57225,55699.5728184111,y,30,314.827731291246,-1.2441243038041,1311.067,Pan-STARRS1,,
rings.v3.skycell.1310.060.wrp.z.55722_56792,55722.5684905111,z,30,313.7134536433,-1.18310748937589,1310.060,Pan-STARRS1,,
rings.v3.skycell.1310.070.wrp.z.55722_56792,55722.5684905111,z,30,313.7134536433,-1.18310748937589,1310.070,Pan-STARRS1,,
rings.v3.skycell.1310.070.wrp.z.55722_56843,55722.5689992111,z,30,313.713422506621,-1.18310880351756,1310.070,Pan-STARRS1,,
rings.v3.skycell.1310.060.wrp.z.55722_57896,55722.5795363111,z,30,313.712777548291,-1.18313602435924,1310.060,Pan-STARRS1,,
rings.v3.skycell.1310.070.wrp.z.55722_57896,55722.5795363111,z,30,313.712777548291,-1.18313602435924,1310.070,Pan-STARRS1,,
rings.v3.skycell.1310.070.wrp.z.55722_57946,55722.5800235111,z,30,313.712747727592,-1.18313728295923,1310.070,Pan-STARRS1,,
rings.v3.skycell.1310.058.wrp.z.55763_53633,55763.5369090111,z,30,310.528842332811,-1.69345554876916,1310.058,Pan-STARRS1,,
rings.v3.skycell.1310.058.wrp.z.55763_54821,55763.5487789111,z,30,310.527793330399,-1.69371371909419,1310.058,Pan-STARRS1,,
rings.v3.skycell.1310.059.wrp.y.55766_42759,55766.4281693111,y,30,310.272488119143,-1.7580463291935,1310.059,Pan-STARRS1,,
rings.v3.skycell.1310.059.wrp.y.55766_42818,55766.4287502111,y,30,310.272436491656,-1.75805965762127,1310.059,Pan-STARRS1,,
rings.v3.skycell.1310.059.wrp.y.55766_43987,55766.4404435111,y,30,310.271397249618,-1.75832795389355,1310.059,Pan-STARRS1,,
rings.v3.skycell.1310.059.wrp.y.55766_44036,55766.4409306111,y,30,310.271353958606,-1.7583391301324,1310.059,Pan-STARRS1,,
J75_02_20110725220603.fits,55767.921412037,V,94,310.139660995371,-1.79266628086422,unknown,ESA-LSSS-Centurion2,,
J75_02_20110725222041.fits,55767.9315740741,V,94,310.138756574074,-1.79290339506183,unknown,ESA-LSSS-Centurion2,,
J75_02_20110725223520.fits,55767.9417476852,V,94,310.137851122685,-1.79314077932107,unknown,ESA-LSSS-Centurion2,,
rings.v3.skycell.1309.035.wrp.r.55794_31299,55794.3136167815,r,40,307.842283423917,-2.52102225029685,1309.035,Pan-STARRS1,,
rings.v3.skycell.1309.035.wrp.r.55794_32155,55794.3221799815,r,40,307.841581241517,-2.5212860444301,1309.035,Pan-STARRS1,,
rings.v3.skycell.1309.035.wrp.r.55794_32399,55794.3246211815,r,40,307.841381063117,-2.52136124695227,1309.035,Pan-STARRS1,,
rings.v3.skycell.1309.035.wrp.i.55794_35704,55794.3577005167,i,45,307.83866855763,-2.52238027425064,1309.035,Pan-STARRS1,,
rings.v3.skycell.1309.035.wrp.i.55794_35968,55794.3603328167,i,45,307.83845270903,-2.52246136371448,1309.035,Pan-STARRS1,,
rings.v3.skycell.1309.035.wrp.i.55794_37179,55794.3724486167,i,45,307.837459213431,-2.52283459766438,1309.035,Pan-STARRS1,,
rings.v3.skycell.1309.035.wrp.g.55795_33178,55795.3324256426,g,43,307.758948863334,-2.55245339349597,1309.035,Pan-STARRS1,,
rings.v3.skycell.1309.035.wrp.g.55795_34234,55795.3429872426,g,43,307.758089413134,-2.55278021634041,1309.035,Pan-STARRS1,,
rings.v3.skycell.1309.035.wrp.r.55795_42106,55795.4216995815,r,40,307.751684196555,-2.55521592593865,1309.035,Pan-STARRS1,,
rings.v3.skycell.1309.035.wrp.r.55795_44581,55795.4464418815,r,40,307.749670791893,-2.55598156266632,1309.035,Pan-STARRS1,,
rings.v3.skycell.1309.036.wrp.g.55802_28659,55802.2872329426,g,43,307.208360013224,-2.77077449220222,1309.036,Pan-STARRS1,,
rings.v3.skycell.1309.027.wrp.i.55807_26536,55807.2660224167,i,45,306.836663294259,-2.92993855378109,1309.027,Pan-STARRS1,,
rings.v3.skycell.1309.027.wrp.i.55807_27601,55807.2766659167,i,45,306.835892970946,-2.93028062404514,1309.027,Pan-STARRS1,,
rings.v3.skycell.1309.019.wrp.i.55816_27573,55816.2763936167,i,45,306.220190207467,-3.21981207298033,1309.019,Pan-STARRS1,,
rings.v3.skycell.1309.019.wrp.i.55816_28660,55816.2872542167,i,45,306.219496939167,-3.22016051723031,1309.019,Pan-STARRS1,,
rings.v3.skycell.1308.010.wrp.g.55821_25396,55821.2546015426,g,43,305.914073984565,-3.37904218795207,1308.010,Pan-STARRS1,,
rings.v3.skycell.1308.010.wrp.g.55821_26431,55821.2649503426,g,43,305.913467286165,-3.37937133728547,1308.010,Pan-STARRS1,,
rings.v3.skycell.1308.010.wrp.r.55821_30231,55821.3029506815,r,40,305.911239516297,-3.38057995917549,1308.010,Pan-STARRS1,,
rings.v3.skycell.1308.010.wrp.r.55821_31225,55821.3128721815,r,40,305.910657868359,-3.38089551799496,1308.010,Pan-STARRS1,,
rings.v3.skycell.1218.091.wrp.y.55846_24553,55846.2461075111,y,30,304.804925057804,-4.12822010231695,1218.091,Pan-STARRS1,,
rings.v3.skycell.1218.091.wrp.y.55846_25641,55846.2569804111,y,30,304.804610649779,-4.1285169928919,1218.091,Pan-STARRS1,,
rings.v3.skycell.1218.091.wrp.i.55848_26970,55848.2703604167,i,45,304.748305047308,-4.18306547448015,1218.091,Pan-STARRS1,,
rings.v3.skycell.1218.091.wrp.i.55848_28052,55848.2811839167,i,45,304.748018675537,-4.18335500310498,1218.091,Pan-STARRS1,,
rings.v3.skycell.1218.091.wrp.r.55853_22109,55853.2217130815,r,40,304.631126072055,-4.31241612825677,1218.091,Pan-STARRS1,,
rings.v3.skycell.1218.091.wrp.r.55853_23213,55853.2327654815,r,40,304.630901800438,-4.31269581537912,1218.091,Pan-STARRS1,,
rings.v3.skycell.1218.082.wrp.z.55863_20361,55863.2041794111,z,30,304.486566390569,-4.55016995701147,1218.082,Pan-STARRS1,,
rings.v3.skycell.1218.082.wrp.z.55863_21447,55863.2150358111,z,30,304.486479087019,-4.55040940094489,1218.082,Pan-STARRS1,,
rings.v3.skycell.1309.011.wrp.y.56055_61515,56055.6157208111,y,30,309.351071681288,-3.5376703033084,1309.011,Pan-STARRS1,,
rings.v3.skycell.1309.011.wrp.y.56055_61922,56055.6197935111,y,30,309.350969354701,-3.53763670353344,1309.011,Pan-STARRS1,,
rings.v3.skycell.1309.011.wrp.y.56055_62353,56055.6241001111,y,30,309.350861151376,-3.53760117408345,1309.011,Pan-STARRS1,,
rings.v3.skycell.1309.011.wrp.y.56055_62760,56055.6281802111,y,30,309.350758638863,-3.53756751325845,1309.011,Pan-STARRS1,,
rings.v3.skycell.1309.012.wrp.z.56067_57126,56067.5718314111,z,30,308.973091885305,-3.46227206388524,1309.012,Pan-STARRS1,,
rings.v3.skycell.1309.012.wrp.z.56067_57546,56067.5760363111,z,30,308.972932624717,-3.46225384265192,1309.012,Pan-STARRS1,,
rings.v3.skycell.1309.012.wrp.z.56067_58319,56067.5837619111,z,30,308.972640017617,-3.46222036505191,1309.012,Pan-STARRS1,,
rings.v3.skycell.1309.012.wrp.z.56067_58737,56067.5879423111,z,30,308.972481684967,-3.46220224998525,1309.012,Pan-STARRS1,,
rings.v3.skycell.1218.093.wrp.i.56144_36274,56144.3634115167,i,45,303.953251758848,-4.22767675912576,1218.093,Pan-STARRS1,,
rings.v3.skycell.1218.093.wrp.i.56144_37370,56144.3743806167,i,45,303.952426791119,-4.22792356387568,1218.093,Pan-STARRS1,,
rings.v3.skycell.1218.094.wrp.g.56150_36856,56150.3692254426,g,43,303.50743244057,-4.36629389103039,1218.094,Pan-STARRS1,,
rings.v3.skycell.1218.094.wrp.g.56150_37874,56150.3793993426,g,43,303.506688898045,-4.36653467333043,1218.094,Pan-STARRS1,,
J75_02_20120812202504.fits,56151.8512615741,V,90,303.399474992285,-4.4015342692257,unknown,ESA-LSSS-Centurion2,,
J75_02_20120812203706.fits,56151.8596180556,V,90,303.39886775463,-4.40173366415891,unknown,ESA-LSSS-Centurion2,,
J75_02_20120812204907.fits,56151.867962963,V,90,303.398261358025,-4.40193278292179,unknown,ESA-LSSS-Centurion2,,
rings.v3.skycell.1218.085.wrp.r.56155_38199,56155.3826302815,r,40,303.146403183845,-4.48694714661114,1218.085,Pan-STARRS1,,
rings.v3.skycell.1218.085.wrp.r.56155_39182,56155.3924628815,r,40,303.145707937087,-4.48718777218338,1218.085,Pan-STARRS1,,
J75_02_20120818203202.fits,56157.856099537,V,90,302.972900065587,-4.54785513020829,unknown,ESA-LSSS-Centurion2,,
J75_02_20120818204411.fits,56157.864537037,V,90,302.972312253087,-4.54806395833331,unknown,ESA-LSSS-Centurion2,,
J75_02_20120818205613.fits,56157.8728935185,V,90,302.971730084877,-4.54827078124988,unknown,ESA-LSSS-Centurion2,,
rings.v3.skycell.1218.086.wrp.g.56160_35256,56160.3532146426,g,43,302.8013172228,-4.61010980061856,1218.086,Pan-STARRS1,,
rings.v3.skycell.1218.086.wrp.g.56160_36367,56160.3643297426,g,43,302.800562785388,-4.61038860437694,1218.086,Pan-STARRS1,,
rings.v3.skycell.1218.087.wrp.i.56164_31434,56164.3150163167,i,45,302.537028518668,-4.71014555360504,1218.087,Pan-STARRS1,,
rings.v3.skycell.1218.078.wrp.g.56176_29558,56176.2962368426,g,43,301.807406099753,-5.01806945176721,1218.078,Pan-STARRS1,,
rings.v3.skycell.1218.078.wrp.g.56176_30586,56176.3065131426,g,43,301.80683191149,-5.01833492285043,1218.078,Pan-STARRS1,,
rings.v3.skycell.1217.052.wrp.y.56212_20157,56212.2021621111,y,30,300.428392073047,-5.88951285176206,1217.052,Pan-STARRS1,,
rings.v3.skycell.1217.052.wrp.z.56212_23576,56212.2363490111,z,30,300.427739673038,-5.89024312193159,1217.052,Pan-STARRS1,,
rings.v3.skycell.1218.061.wrp.z.56420_60669,56420.6074475223,z,60,304.808986329435,-5.25790179798067,1218.061,Pan-STARRS1,,
rings.v3.skycell.1218.061.wrp.y.56420_63050,56420.631377163,y,80,304.808380111871,-5.25774692002835,1218.061,Pan-STARRS1,,
VCAM.2013-06-07T04:38:40.054,56450.1936059491,KS,15,303.65804542745,-5.19469459314628,STR04,ESO-VISTA/VIRCAM,http://archive.eso.org/datalink/links?ID=ivo://eso.org/ID?VCAM.2013-06-07T04:38:40.054&amp;eso_download=file,
VCAM.2013-06-07T04:39:14.934,56450.1940096528,KS,15,303.658024670352,-5.1946956360475,STR04,ESO-VISTA/VIRCAM,http://archive.eso.org/datalink/links?ID=ivo://eso.org/ID?VCAM.2013-06-07T04:39:14.934&amp;eso_download=file,
VCAM.2013-06-07T04:39:45.493,56450.1943633449,KS,15,303.658006484683,-5.19469654975209,STR04,ESO-VISTA/VIRCAM,http://archive.eso.org/datalink/links?ID=ivo://eso.org/ID?VCAM.2013-06-07T04:39:45.493&amp;eso_download=file,
VCAM.2013-06-07T04:40:16.053,56450.1947170487,KS,15,303.657988298413,-5.19469746348691,STR04,ESO-VISTA/VIRCAM,http://archive.eso.org/datalink/links?ID=ivo://eso.org/ID?VCAM.2013-06-07T04:40:16.053&amp;eso_download=file,
VCAM.2013-06-07T04:40:47.329,56450.1950790394,KS,15,303.657969686058,-5.19469839862955,STR04,ESO-VISTA/VIRCAM,http://archive.eso.org/datalink/links?ID=ivo://eso.org/ID?VCAM.2013-06-07T04:40:47.329&amp;eso_download=file,
VCAM.2013-06-07T04:41:13.974,56450.1953874306,KS,15,303.65795382961,-5.19469919530682,STR04,ESO-VISTA/VIRCAM,http://archive.eso.org/datalink/links?ID=ivo://eso.org/ID?VCAM.2013-06-07T04:41:13.974&amp;eso_download=file,
VCAM.2013-06-07T04:41:44.533,56450.1957411227,KS,15,303.657935643941,-5.19470010901141,STR04,ESO-VISTA/VIRCAM,http://archive.eso.org/datalink/links?ID=ivo://eso.org/ID?VCAM.2013-06-07T04:41:44.533&amp;eso_download=file,
VCAM.2013-06-07T04:42:11.566,56450.1960540047,KS,15,303.657919556592,-5.19470091728992,STR04,ESO-VISTA/VIRCAM,http://archive.eso.org/datalink/links?ID=ivo://eso.org/ID?VCAM.2013-06-07T04:42:11.566&amp;eso_download=file,
VCAM.2013-06-07T04:42:42.729,56450.1964146875,KS,15,303.657901011484,-5.19470184905382,STR04,ESO-VISTA/VIRCAM,http://archive.eso.org/datalink/links?ID=ivo://eso.org/ID?VCAM.2013-06-07T04:42:42.729&amp;eso_download=file,
VCAM.2013-06-07T04:43:11.643,56450.1967493403,KS,15,303.657883804753,-5.19470271357355,STR04,ESO-VISTA/VIRCAM,http://archive.eso.org/datalink/links?ID=ivo://eso.org/ID?VCAM.2013-06-07T04:43:11.643&amp;eso_download=file,
VCAM.2013-06-07T04:43:44.959,56450.1971349422,KS,15,303.657863978388,-5.1947037097118,STR04,ESO-VISTA/VIRCAM,http://archive.eso.org/datalink/links?ID=ivo://eso.org/ID?VCAM.2013-06-07T04:43:44.959&amp;eso_download=file,
VCAM.2013-06-07T04:44:13.883,56450.1974697107,KS,15,303.657846765708,-5.19470457453042,STR04,ESO-VISTA/VIRCAM,http://archive.eso.org/datalink/links?ID=ivo://eso.org/ID?VCAM.2013-06-07T04:44:13.883&amp;eso_download=file,
VCAM.2013-06-07T04:45:06.681,56450.1980807987,J,15,303.6578153456,-5.19470615317441,STR04,ESO-VISTA/VIRCAM,http://archive.eso.org/datalink/links?ID=ivo://eso.org/ID?VCAM.2013-06-07T04:45:06.681&amp;eso_download=file,
VCAM.2013-06-07T04:45:32.621,56450.1983810301,J,15,303.657799908702,-5.19470692877221,STR04,ESO-VISTA/VIRCAM,http://archive.eso.org/datalink/links?ID=ivo://eso.org/ID?VCAM.2013-06-07T04:45:32.621&amp;eso_download=file,
VCAM.2013-06-07T04:46:00.571,56450.1987045255,J,15,303.657783275647,-5.19470776446865,STR04,ESO-VISTA/VIRCAM,http://archive.eso.org/datalink/links?ID=ivo://eso.org/ID?VCAM.2013-06-07T04:46:00.571&amp;eso_download=file,
VCAM.2013-06-07T04:46:26.130,56450.1990003473,J,15,303.657768065476,-5.19470852867496,STR04,ESO-VISTA/VIRCAM,http://archive.eso.org/datalink/links?ID=ivo://eso.org/ID?VCAM.2013-06-07T04:46:26.130&amp;eso_download=file,
VCAM.2013-06-07T04:46:55.471,56450.1993399422,J,15,303.657750604639,-5.19470940596179,STR04,ESO-VISTA/VIRCAM,http://archive.eso.org/datalink/links?ID=ivo://eso.org/ID?VCAM.2013-06-07T04:46:55.471&amp;eso_download=file,
VCAM.2013-06-07T04:47:21.097,56450.1996365394,J,15,303.657735354599,-5.19471017217123,STR04,ESO-VISTA/VIRCAM,http://archive.eso.org/datalink/links?ID=ivo://eso.org/ID?VCAM.2013-06-07T04:47:21.097&amp;eso_download=file,
VCAM.2013-06-07T04:47:49.174,56450.1999615047,J,15,303.657718645966,-5.19471101166492,STR04,ESO-VISTA/VIRCAM,http://archive.eso.org/datalink/links?ID=ivo://eso.org/ID?VCAM.2013-06-07T04:47:49.174&amp;eso_download=file,
VCAM.2013-06-07T04:48:15.109,56450.2002616783,J,15,303.657703212041,-5.19471178711338,STR04,ESO-VISTA/VIRCAM,http://archive.eso.org/datalink/links?ID=ivo://eso.org/ID?VCAM.2013-06-07T04:48:15.109&amp;eso_download=file,
VCAM.2013-06-07T04:48:45.122,56450.200609051,J,15,303.657685351295,-5.19471268449285,STR04,ESO-VISTA/VIRCAM,http://archive.eso.org/datalink/links?ID=ivo://eso.org/ID?VCAM.2013-06-07T04:48:45.122&amp;eso_download=file,
VCAM.2013-06-07T04:49:10.670,56450.2009047454,J,15,303.657670147674,-5.19471344837005,STR04,ESO-VISTA/VIRCAM,http://archive.eso.org/datalink/links?ID=ivo://eso.org/ID?VCAM.2013-06-07T04:49:10.670&amp;eso_download=file,
VCAM.2013-06-07T04:49:41.035,56450.2012561922,J,15,303.657652077451,-5.1947143562743,STR04,ESO-VISTA/VIRCAM,http://archive.eso.org/datalink/links?ID=ivo://eso.org/ID?VCAM.2013-06-07T04:49:41.035&amp;eso_download=file,
VCAM.2013-06-07T04:50:05.849,56450.2015433912,J,15,303.657637310636,-5.19471509820505,STR04,ESO-VISTA/VIRCAM,http://archive.eso.org/datalink/links?ID=ivo://eso.org/ID?VCAM.2013-06-07T04:50:05.849&amp;eso_download=file,
rings.v3.skycell.1217.051.wrp.i.56499_46755,56499.4682153167,i,45,300.551297921265,-5.6935612971455,1217.051,Pan-STARRS1,,
rings.v3.skycell.1217.052.wrp.i.56499_46755,56499.4682153167,i,45,300.551297921265,-5.6935612971455,1217.052,Pan-STARRS1,,
rings.v3.skycell.1217.051.wrp.i.56499_46887,56499.4695339167,i,45,300.551208641057,-5.6935835302066,1217.051,Pan-STARRS1,,
rings.v3.skycell.1217.051.wrp.i.56499_47824,56499.4789084167,i,45,300.550573909286,-5.69374159469267,1217.051,Pan-STARRS1,,
rings.v3.skycell.1217.052.wrp.i.56499_47824,56499.4789084167,i,45,300.550573909286,-5.69374159469267,1217.052,Pan-STARRS1,,
rings.v3.skycell.1217.051.wrp.i.56499_47956,56499.4802270167,i,45,300.550484629078,-5.69376382775378,1217.051,Pan-STARRS1,,
rings.v3.skycell.1217.053.wrp.g.56511_39221,56511.3928683426,g,43,299.758295405302,-5.90882461911251,1217.053,Pan-STARRS1,,
rings.v3.skycell.1217.053.wrp.g.56511_39285,56511.3935059426,g,43,299.758254094136,-5.9088368220681,1217.053,Pan-STARRS1,,
rings.v3.skycell.1217.053.wrp.g.56511_40308,56511.4037359426,g,43,299.757591275386,-5.90903261290143,1217.053,Pan-STARRS1,,
rings.v3.skycell.1217.053.wrp.r.56511_41269,56511.4133225815,r,40,299.756970141073,-5.90921609051819,1217.053,Pan-STARRS1,,
rings.v3.skycell.1217.053.wrp.r.56511_42267,56511.4233214815,r,40,299.756322295677,-5.90940745835432,1217.053,Pan-STARRS1,,
rings.v3.skycell.1217.054.wrp.g.56513_37253,56513.3731920426,g,43,299.630600159605,-5.94697873416166,1217.054,Pan-STARRS1,,
rings.v3.skycell.1217.054.wrp.g.56513_38308,56513.3837390426,g,43,299.629924712147,-5.94718381471718,1217.054,Pan-STARRS1,,
rings.v3.skycell.1217.044.wrp.i.56518_32372,56518.3243906167,i,45,299.318441846868,-6.04476484488533,1217.044,Pan-STARRS1,,
rings.v3.skycell.1217.045.wrp.i.56518_32372,56518.3243906167,i,45,299.318441846868,-6.04476484488533,1217.045,Pan-STARRS1,,
rings.v3.skycell.1217.044.wrp.i.56518_33472,56518.3353986167,i,45,299.317761185534,-6.04498592221869,1217.044,Pan-STARRS1,,
rings.v3.skycell.1217.045.wrp.i.56518_33472,56518.3353986167,i,45,299.317761185534,-6.04498592221869,1217.045,Pan-STARRS1,,
rings.v3.skycell.1217.044.wrp.r.56518_35569,56518.3563323815,r,40,299.316466781077,-6.04540634199519,1217.044,Pan-STARRS1,,
rings.v3.skycell.1217.045.wrp.r.56518_35569,56518.3563323815,r,40,299.316466781077,-6.04540634199519,1217.045,Pan-STARRS1,,
rings.v3.skycell.1217.029.wrp.y.56558_23064,56558.2315053629,y,80,297.382140058671,-6.87907044178307,1217.029,Pan-STARRS1,,
rings.v3.skycell.1217.029.wrp.z.56558_24991,56558.2506644222,z,60,297.381530960244,-6.87945788053785,1217.029,Pan-STARRS1,,
48245b129-w1-int-1b,56772.6328388963,w1,8,301.357835903371,-6.71852062216292,48245b129,WISE,http://irsa.ipac.caltech.edu/ibe/data/wise/merge/merge_p1bm_frm/5b/48245b/129/48245b129-w1-int-1b.fits,
48245b129-w2-int-1b,56772.6328388963,w2,8,301.357835903371,-6.71852062216292,48245b129,WISE,http://irsa.ipac.caltech.edu/ibe/data/wise/merge/merge_p1bm_frm/5b/48245b/129/48245b129-w2-int-1b.fits,
48249b128-w1-int-1b,56772.7643791963,w1,8,301.356043666783,-6.71746829976294,48249b128,WISE,http://irsa.ipac.caltech.edu/ibe/data/wise/merge/merge_p1bm_frm/9b/48249b/128/48249b128-w1-int-1b.fits,
48249b128-w2-int-1b,56772.7643791963,w2,8,301.356043666783,-6.71746829976294,48249b128,WISE,http://irsa.ipac.caltech.edu/ibe/data/wise/merge/merge_p1bm_frm/9b/48249b/128/48249b128-w2-int-1b.fits,
48249b129-w1-int-1b,56772.7645064963,w1,8,301.356041932321,-6.71746728136293,48249b129,WISE,http://irsa.ipac.caltech.edu/ibe/data/wise/merge/merge_p1bm_frm/9b/48249b/129/48249b129-w1-int-1b.fits,
48249b129-w2-int-1b,56772.7645064963,w2,8,301.356041932321,-6.71746728136293,48249b129,WISE,http://irsa.ipac.caltech.edu/ibe/data/wise/merge/merge_p1bm_frm/9b/48249b/129/48249b129-w2-int-1b.fits,
48253b128-w1-int-1b,56772.8960467963,w1,8,301.354249695733,-6.71641495896295,48253b128,WISE,http://irsa.ipac.caltech.edu/ibe/data/wise/merge/merge_p1bm_frm/3b/48253b/128/48253b128-w1-int-1b.fits,
48253b128-w2-int-1b,56772.8960467963,w2,8,301.354249695733,-6.71641495896295,48253b128,WISE,http://irsa.ipac.caltech.edu/ibe/data/wise/merge/merge_p1bm_frm/3b/48253b/128/48253b128-w2-int-1b.fits,
48257b129-w1-int-1b,56773.0277143963,w1,8,301.352431474587,-6.71536623722896,48257b129,WISE,http://irsa.ipac.caltech.edu/ibe/data/wise/merge/merge_p1bm_frm/7b/48257b/129/48257b129-w1-int-1b.fits,
48257b129-w2-int-1b,56773.0277143963,w2,8,301.352431474587,-6.71536623722896,48257b129,WISE,http://irsa.ipac.caltech.edu/ibe/data/wise/merge/merge_p1bm_frm/7b/48257b/129/48257b129-w2-int-1b.fits,
48260a104-w1-int-1b,56773.0935481963,w1,8,301.351476884487,-6.71485053912896,48260a104,WISE,http://irsa.ipac.caltech.edu/ibe/data/wise/merge/merge_p1bm_frm/0a/48260a/104/48260a104-w1-int-1b.fits,
48260a104-w2-int-1b,56773.0935481963,w2,8,301.351476884487,-6.71485053912896,48260a104,WISE,http://irsa.ipac.caltech.edu/ibe/data/wise/merge/merge_p1bm_frm/0a/48260a/104/48260a104-w2-int-1b.fits,
48261b129-w1-int-1b,56773.1593819963,w1,8,301.350522294387,-6.71433484102897,48261b129,WISE,http://irsa.ipac.caltech.edu/ibe/data/wise/merge/merge_p1bm_frm/1b/48261b/129/48261b129-w1-int-1b.fits,
48261b129-w2-int-1b,56773.1593819963,w2,8,301.350522294387,-6.71433484102897,48261b129,WISE,http://irsa.ipac.caltech.edu/ibe/data/wise/merge/merge_p1bm_frm/1b/48261b/129/48261b129-w2-int-1b.fits,
48264a103-w1-int-1b,56773.2250885963,w1,8,301.349569548687,-6.71382013932898,48264a103,WISE,http://irsa.ipac.caltech.edu/ibe/data/wise/merge/merge_p1bm_frm/4a/48264a/103/48264a103-w1-int-1b.fits,
48264a103-w2-int-1b,56773.2250885963,w2,8,301.349569548687,-6.71382013932898,48264a103,WISE,http://irsa.ipac.caltech.edu/ibe/data/wise/merge/merge_p1bm_frm/4a/48264a/103/48264a103-w2-int-1b.fits,
48264a104-w1-int-1b,56773.2252158963,w1,8,301.349567702837,-6.71381914214563,48264a104,WISE,http://irsa.ipac.caltech.edu/ibe/data/wise/merge/merge_p1bm_frm/4a/48264a/104/48264a104-w1-int-1b.fits,
48264a104-w2-int-1b,56773.2252158963,w2,8,301.349567702837,-6.71381914214563,48264a104,WISE,http://irsa.ipac.caltech.edu/ibe/data/wise/merge/merge_p1bm_frm/4a/48264a/104/48264a104-w2-int-1b.fits,
48265b128-w1-int-1b,56773.2909223963,w1,8,301.348614958587,-6.71330444122898,48265b128,WISE,http://irsa.ipac.caltech.edu/ibe/data/wise/merge/merge_p1bm_frm/5b/48265b/128/48265b128-w1-int-1b.fits,
48265b128-w2-int-1b,56773.2909223963,w2,8,301.348614958587,-6.71330444122898,48265b128,WISE,http://irsa.ipac.caltech.edu/ibe/data/wise/merge/merge_p1bm_frm/5b/48265b/128/48265b128-w2-int-1b.fits,
48265b129-w1-int-1b,56773.2910496963,w1,8,301.348613112737,-6.71330344404564,48265b129,WISE,http://irsa.ipac.caltech.edu/ibe/data/wise/merge/merge_p1bm_frm/5b/48265b/129/48265b129-w1-int-1b.fits,
48265b129-w2-int-1b,56773.2910496963,w2,8,301.348613112737,-6.71330344404564,48265b129,WISE,http://irsa.ipac.caltech.edu/ibe/data/wise/merge/merge_p1bm_frm/5b/48265b/129/48265b129-w2-int-1b.fits,
48268a104-w1-int-1b,56773.3567567963,w1,8,301.347660359787,-6.71278873842901,48268a104,WISE,http://irsa.ipac.caltech.edu/ibe/data/wise/merge/merge_p1bm_frm/8a/48268a/104/48268a104-w1-int-1b.fits,
48268a104-w2-int-1b,56773.3567567963,w2,8,301.347660359787,-6.71278873842901,48268a104,WISE,http://irsa.ipac.caltech.edu/ibe/data/wise/merge/merge_p1bm_frm/8a/48268a/104/48268a104-w2-int-1b.fits,
48269b128-w1-int-1b,56773.4225905963,w1,8,301.346705769687,-6.71227304032896,48269b128,WISE,http://irsa.ipac.caltech.edu/ibe/data/wise/merge/merge_p1bm_frm/9b/48269b/128/48269b128-w1-int-1b.fits,
48269b128-w2-int-1b,56773.4225905963,w2,8,301.346705769687,-6.71227304032896,48269b128,WISE,http://irsa.ipac.caltech.edu/ibe/data/wise/merge/merge_p1bm_frm/9b/48269b/128/48269b128-w2-int-1b.fits,
48272a104-w1-int-1b,56773.4884243963,w1,8,301.345751179587,-6.71175734222896,48272a104,WISE,http://irsa.ipac.caltech.edu/ibe/data/wise/merge/merge_p1bm_frm/2a/48272a/104/48272a104-w1-int-1b.fits,
48272a104-w2-int-1b,56773.4884243963,w2,8,301.345751179587,-6.71175734222896,48272a104,WISE,http://irsa.ipac.caltech.edu/ibe/data/wise/merge/merge_p1bm_frm/2a/48272a/104/48272a104-w2-int-1b.fits,
48276a104-w1-int-1b,56773.6200919963,w1,8,301.343841999387,-6.71072594602897,48276a104,WISE,http://irsa.ipac.caltech.edu/ibe/data/wise/merge/merge_p1bm_frm/6a/48276a/104/48276a104-w1-int-1b.fits,
48276a104-w2-int-1b,56773.6200919963,w2,8,301.343841999387,-6.71072594602897,48276a104,WISE,http://irsa.ipac.caltech.edu/ibe/data/wise/merge/merge_p1bm_frm/6a/48276a/104/48276a104-w2-int-1b.fits,
48280a104-w1-int-1b,56773.7516322963,w1,8,301.341934665037,-6.70969554701233,48280a104,WISE,http://irsa.ipac.caltech.edu/ibe/data/wise/merge/merge_p1bm_frm/0a/48280a/104/48280a104-w1-int-1b.fits,
48280a104-w2-int-1b,56773.7516322963,w2,8,301.341934665037,-6.70969554701233,48280a104,WISE,http://irsa.ipac.caltech.edu/ibe/data/wise/merge/merge_p1bm_frm/0a/48280a/104/48280a104-w2-int-1b.fits,
48280a105-w1-int-1b,56773.7517595963,w1,8,301.341932819187,-6.70969454982898,48280a105,WISE,http://irsa.ipac.caltech.edu/ibe/data/wise/merge/merge_p1bm_frm/0a/48280a/105/48280a105-w1-int-1b.fits,
48280a105-w2-int-1b,56773.7517595963,w2,8,301.341932819187,-6.70969454982898,48280a105,WISE,http://irsa.ipac.caltech.edu/ibe/data/wise/merge/merge_p1bm_frm/0a/48280a/105/48280a105-w2-int-1b.fits,
rings.v3.skycell.1217.030.wrp.y.56785_63019,56785.6307714111,y,30,301.104193534963,-6.63216067231393,1217.030,Pan-STARRS1,,
rings.v3.skycell.1217.030.wrp.y.56785_63068,56785.6312620111,y,30,301.104181208638,-6.63215809666395,1217.030,Pan-STARRS1,,
rings.v3.skycell.1217.030.wrp.y.56786_62186,56786.6224485111,y,30,301.078733005378,-6.6270926894303,1217.030,Pan-STARRS1,,
rings.v3.skycell.1217.030.wrp.y.56786_62831,56786.6288972111,y,30,301.078565339178,-6.62706026679975,1217.030,Pan-STARRS1,,
rings.v3.skycell.1217.030.wrp.z.56788_61302,56788.6136102111,z,30,301.025122883734,-6.61759355348278,1217.030,Pan-STARRS1,,
rings.v3.skycell.1217.030.wrp.z.56788_61352,56788.6141035111,z,30,301.025109215213,-6.61759130622721,1217.030,Pan-STARRS1,,
2012.1.00080.S A002/X6444ba/X10 A002/X717cdc/X213,56809.2871552315,Band-3,302,300.278245942077,-6.57757262935958,Venus,ALMA,,
rings.v3.skycell.1217.032.wrp.z.56812_60867,56812.6092570111,z,30,300.128398020363,-6.58170987279627,1217.032,Pan-STARRS1,,
rings.v3.skycell.1217.033.wrp.z.56812_60867,56812.6092570111,z,30,300.128398020363,-6.58170987279627,1217.033,Pan-STARRS1,,
rings.v3.skycell.1217.033.wrp.z.56813_60572,56813.6063020111,z,30,300.082005118397,-6.58354003168825,1217.033,Pan-STARRS1,,
rings.v3.skycell.1217.033.wrp.z.56813_60789,56813.6084772111,z,30,300.081903337164,-6.5835442612438,1217.033,Pan-STARRS1,,
20140626155426-10,56834.66282407,u,40,298.972554282642,-6.68553546164584,1356595567,Skymapper,,
20140626155526-10,56834.66351852,v,20,298.972514351767,-6.68554076647222,1356596080,Skymapper,,
20140626155606-10,56834.66398148,g,5,298.972487731567,-6.68554430297222,1356596593,Skymapper,,
20140626155636-10,56834.6643287,r,5,298.972467766417,-6.6855469553472,1356597106,Skymapper,,
20140626155702-10,56834.66461806,i,10,298.972451128217,-6.68554916573611,1356597619,Skymapper,,
20140626155732-10,56834.66497685,z,20,298.972430497792,-6.68555190649305,1356598132,Skymapper,,
20140708145848-16,56846.62418981,u,40,298.26404384192,-6.79561290825637,1356562885,Skymapper,,
20140708145948-16,56846.62488426,v,20,298.264001798759,-6.79562029643281,1356563398,Skymapper,,
20140708150029-16,56846.62534722,g,5,298.263973770389,-6.79562522181274,1356563911,Skymapper,,
20140708150059-16,56846.62569444,r,5,298.263952749112,-6.79562891584779,1356564424,Skymapper,,
20140708150124-16,56846.62599537,i,10,298.263934530308,-6.7956321174086,1356564937,Skymapper,,
20140708150154-16,56846.62633102,z,20,298.263914209497,-6.79563568835168,1356565450,Skymapper,,
20140709145024-16,56847.61835648,u,40,298.203803805067,-6.80634432611557,1356562836,Skymapper,,
20140709145124-16,56847.61905093,v,20,298.203761704036,-6.80635188790444,1356563349,Skymapper,,
20140709145205-16,56847.61951389,g,5,298.203733637086,-6.80635692902445,1356563862,Skymapper,,
20140709145230-16,56847.61981481,r,5,298.203715393811,-6.8063602057089,1356564375,Skymapper,,
20140709145255-16,56847.62010417,i,10,298.203697851361,-6.80636335651774,1356564888,Skymapper,,
20140709145327-16,56847.62047454,z,20,298.203675397679,-6.80636738943558,1356565401,Skymapper,,
20140716150040-08,56854.62547454,u,40,297.776491807303,-6.88825590538667,1356562507,Skymapper,,
20140716150141-08,56854.62616898,v,20,297.776449330723,-6.88826454730668,1356563020,Skymapper,,
20140716150222-08,56854.62664352,g,5,297.776420304693,-6.88827045269335,1356563533,Skymapper,,
20140716150252-08,56854.62695602,r,5,297.77640119011,-6.88827434158224,1356564046,Skymapper,,
20140716150317-08,56854.62728009,i,10,297.776381367828,-6.8882783744533,1356564559,Skymapper,,
20140716150347-08,56854.62763889,z,20,297.776359421228,-6.88828283952001,1356565072,Skymapper,,
53486a173-w1-int-1b,56945.0317112963,w1,8,294.053578936721,-8.36497614027272,53486a173,WISE,http://irsa.ipac.caltech.edu/ibe/data/wise/merge/merge_p1bm_frm/6a/53486a/173/53486a173-w1-int-1b.fits,
53486a173-w2-int-1b,56945.0317112963,w2,8,294.053578936721,-8.36497614027272,53486a173,WISE,http://irsa.ipac.caltech.edu/ibe/data/wise/merge/merge_p1bm_frm/6a/53486a/173/53486a173-w2-int-1b.fits,
53491a073-w1-int-1b,56945.1632513963,w1,8,294.052696521883,-8.36683597113099,53491a073,WISE,http://irsa.ipac.caltech.edu/ibe/data/wise/merge/merge_p1bm_frm/1a/53491a/073/53491a073-w1-int-1b.fits,
53491a073-w2-int-1b,56945.1632513963,w2,8,294.052696521883,-8.36683597113099,53491a073,WISE,http://irsa.ipac.caltech.edu/ibe/data/wise/merge/merge_p1bm_frm/1a/53491a/073/53491a073-w2-int-1b.fits,
53494a173-w1-int-1b,56945.2947912963,w1,8,294.051814108387,-8.36869579916156,53494a173,WISE,http://irsa.ipac.caltech.edu/ibe/data/wise/merge/merge_p1bm_frm/4a/53494a/173/53494a173-w1-int-1b.fits,
53494a173-w2-int-1b,56945.2947912963,w2,8,294.051814108387,-8.36869579916156,53494a173,WISE,http://irsa.ipac.caltech.edu/ibe/data/wise/merge/merge_p1bm_frm/4a/53494a/173/53494a173-w2-int-1b.fits,
53498a173-w1-int-1b,56945.4262040963,w1,8,294.050932547521,-8.37055383013936,53498a173,WISE,http://irsa.ipac.caltech.edu/ibe/data/wise/merge/merge_p1bm_frm/8a/53498a/173/53498a173-w1-int-1b.fits,
53498a173-w2-int-1b,56945.4262040963,w2,8,294.050932547521,-8.37055383013936,53498a173,WISE,http://irsa.ipac.caltech.edu/ibe/data/wise/merge/merge_p1bm_frm/8a/53498a/173/53498a173-w2-int-1b.fits,
53498a174-w1-int-1b,56945.4263313963,w1,8,294.05093169355,-8.37055563001994,53498a174,WISE,http://irsa.ipac.caltech.edu/ibe/data/wise/merge/merge_p1bm_frm/8a/53498a/174/53498a174-w1-int-1b.fits,
53498a174-w2-int-1b,56945.4263313963,w2,8,294.05093169355,-8.37055563001994,53498a174,WISE,http://irsa.ipac.caltech.edu/ibe/data/wise/merge/merge_p1bm_frm/8a/53498a/174/53498a174-w2-int-1b.fits,
53501a152-w1-int-1b,56945.4920377963,w1,8,294.050490913117,-8.37148464550878,53501a152,WISE,http://irsa.ipac.caltech.edu/ibe/data/wise/merge/merge_p1bm_frm/1a/53501a/152/53501a152-w1-int-1b.fits,
53501a152-w2-int-1b,56945.4920377963,w2,8,294.050490913117,-8.37148464550878,53501a152,WISE,http://irsa.ipac.caltech.edu/ibe/data/wise/merge/merge_p1bm_frm/1a/53501a/152/53501a152-w2-int-1b.fits,
53502a176-w1-int-1b,56945.5577441963,w1,8,294.050050132683,-8.37241366099773,53502a176,WISE,http://irsa.ipac.caltech.edu/ibe/data/wise/merge/merge_p1bm_frm/2a/53502a/176/53502a176-w1-int-1b.fits,
53502a176-w2-int-1b,56945.5577441963,w2,8,294.050050132683,-8.37241366099773,53502a176,WISE,http://irsa.ipac.caltech.edu/ibe/data/wise/merge/merge_p1bm_frm/2a/53502a/176/53502a176-w2-int-1b.fits,
53505a144-w1-int-1b,56945.6235777963,w1,8,294.04960849895,-8.37334447495326,53505a144,WISE,http://irsa.ipac.caltech.edu/ibe/data/wise/merge/merge_p1bm_frm/5a/53505a/144/53505a144-w1-int-1b.fits,
53505a144-w2-int-1b,56945.6235777963,w2,8,294.04960849895,-8.37334447495326,53505a144,WISE,http://irsa.ipac.caltech.edu/ibe/data/wise/merge/merge_p1bm_frm/5a/53505a/144/53505a144-w2-int-1b.fits,
53506a167-w1-int-1b,56945.6892841963,w1,8,294.049167718516,-8.37427349044211,53506a167,WISE,http://irsa.ipac.caltech.edu/ibe/data/wise/merge/merge_p1bm_frm/6a/53506a/167/53506a167-w1-int-1b.fits,
53506a167-w2-int-1b,56945.6892841963,w2,8,294.049167718516,-8.37427349044211,53506a167,WISE,http://irsa.ipac.caltech.edu/ibe/data/wise/merge/merge_p1bm_frm/6a/53506a/167/53506a167-w2-int-1b.fits,
53509a144-w1-int-1b,56945.7549906963,w1,8,294.048726937412,-8.37520250734496,53509a144,WISE,http://irsa.ipac.caltech.edu/ibe/data/wise/merge/merge_p1bm_frm/9a/53509a/144/53509a144-w1-int-1b.fits,
53509a144-w2-int-1b,56945.7549906963,w2,8,294.048726937412,-8.37520250734496,53509a144,WISE,http://irsa.ipac.caltech.edu/ibe/data/wise/merge/merge_p1bm_frm/9a/53509a/144/53509a144-w2-int-1b.fits,
53509a145-w1-int-1b,56945.7551179963,w1,8,294.048726083441,-8.37520430722543,53509a145,WISE,http://irsa.ipac.caltech.edu/ibe/data/wise/merge/merge_p1bm_frm/9a/53509a/145/53509a145-w1-int-1b.fits,
53509a145-w2-int-1b,56945.7551179963,w2,8,294.048726083441,-8.37520430722543,53509a145,WISE,http://irsa.ipac.caltech.edu/ibe/data/wise/merge/merge_p1bm_frm/9a/53509a/145/53509a145-w2-int-1b.fits,
53510a169-w1-int-1b,56945.8208243963,w1,8,294.048285303008,-8.37613332271438,53510a169,WISE,http://irsa.ipac.caltech.edu/ibe/data/wise/merge/merge_p1bm_frm/0a/53510a/169/53510a169-w1-int-1b.fits,
53510a169-w2-int-1b,56945.8208243963,w2,8,294.048285303008,-8.37613332271438,53510a169,WISE,http://irsa.ipac.caltech.edu/ibe/data/wise/merge/merge_p1bm_frm/0a/53510a/169/53510a169-w2-int-1b.fits,
53513a145-w1-int-1b,56945.8865307963,w1,8,294.047844522575,-8.37706233820323,53513a145,WISE,http://irsa.ipac.caltech.edu/ibe/data/wise/merge/merge_p1bm_frm/3a/53513a/145/53513a145-w1-int-1b.fits,
53513a145-w2-int-1b,56945.8865307963,w2,8,294.047844522575,-8.37706233820323,53513a145,WISE,http://irsa.ipac.caltech.edu/ibe/data/wise/merge/merge_p1bm_frm/3a/53513a/145/53513a145-w2-int-1b.fits,
53517a145-w1-int-1b,56946.0180708963,w1,8,294.046977919771,-8.37891915724555,53517a145,WISE,http://irsa.ipac.caltech.edu/ibe/data/wise/merge/merge_p1bm_frm/7a/53517a/145/53517a145-w1-int-1b.fits,
53517a145-w2-int-1b,56946.0180708963,w2,8,294.046977919771,-8.37891915724555,53517a145,WISE,http://irsa.ipac.caltech.edu/ibe/data/wise/merge/merge_p1bm_frm/7a/53517a/145/53517a145-w2-int-1b.fits,
53521a072-w1-int-1b,56946.1496109963,w1,8,294.046210602521,-8.38075706475382,53521a072,WISE,http://irsa.ipac.caltech.edu/ibe/data/wise/merge/merge_p1bm_frm/1a/53521a/072/53521a072-w1-int-1b.fits,
53521a072-w2-int-1b,56946.1496109963,w2,8,294.046210602521,-8.38075706475382,53521a072,WISE,http://irsa.ipac.caltech.edu/ibe/data/wise/merge/merge_p1bm_frm/1a/53521a/072/53521a072-w2-int-1b.fits,
2013.1.00278.S A001/X120/X142 A002/X83bead/X9de,56988.7384096528,Band-7,227,294.521530052581,-8.79546982604176,Ceres,ALMA,,
2013.1.00278.S A001/X120/X144 A002/X83bead/X9de,56988.7384096528,Band-7,227,294.521530052581,-8.79546982604176,Ceres,ALMA,,
2013.1.00960.S A001/X122/Xc2 A002/X87544a/X19e9,57011.2160548495,Band-7,227,295.237811670959,-8.84688219936826,Ceres,ALMA,,
1819835p,57215.4839236111,R.MP9602,180,295.141790082466,-7.94093601176686,P,CFHT/MegaCam,https://ws.cadc-ccda.hia-iha.nrc-cnrc.gc.ca/data/pub/CFHT/1819835p.fits.fz,
1819836p,57215.4866203704,R.MP9602,180,295.141640075229,-7.94096305426985,P,CFHT/MegaCam,https://ws.cadc-ccda.hia-iha.nrc-cnrc.gc.ca/data/pub/CFHT/1819836p.fits.fz,
1819837p,57215.4893402778,R.MP9602,180,295.14148878038,-7.94099032889686,P,CFHT/MegaCam,https://ws.cadc-ccda.hia-iha.nrc-cnrc.gc.ca/data/pub/CFHT/1819837p.fits.fz,
20150719134119-20,57222.57038194,u,40,294.747403369749,-8.01654375187889,1356497093,Skymapper,,
20150719134220-20,57222.57108796,v,20,294.747364156222,-8.01655171421557,1356497606,Skymapper,,
20150719134301-20,57222.57155093,g,5,294.747338442096,-8.01655693548832,1356498119,Skymapper,,
20150719134326-20,57222.57185185,r,5,294.747321728498,-8.01656032919722,1356498632,Skymapper,,
20150719134352-20,57222.5721412,i,10,294.747305657517,-8.01656359242221,1356499145,Skymapper,,
20150719134422-20,57222.5725,z,20,294.747285729167,-8.01656763888891,1356499658,Skymapper,,
20150720133938-13,57223.56921296,u,40,294.691974064593,-8.02791902645777,1361576140,Skymapper,,
20150720134038-13,57223.56990741,v,20,294.691935551554,-8.02792699334247,1361576653,Skymapper,,
20150720134119-13,57223.57037037,g,5,294.691909876564,-8.02793230452248,1361577166,Skymapper,,
20150720134144-13,57223.57065972,r,5,294.691893829695,-8.02793562400996,1361577679,Skymapper,,
20150720134209-13,57223.57096065,i,10,294.691877140619,-8.02793907634586,1361578192,Skymapper,,
20150720134239-13,57223.5712963,z,20,294.691858526029,-8.02794292699719,1361578705,Skymapper,,
20150910100436-31,57275.41989583,u,100,292.278539162433,-8.76502618629162,0287801409,Skymapper,,
20150910100636-31,57275.42128472,v,100,292.278494775823,-8.76504740544449,0287801922,Skymapper,,
20150910100836-31,57275.42266204,g,100,292.278450758971,-8.76506844783334,0287802435,Skymapper,,
20150910101036-31,57275.42405093,r,100,292.278406372362,-8.76508966698611,0287802948,Skymapper,,
20150910101237-32,57275.42543981,u,100,292.278361986072,-8.76511088598614,0287803461,Skymapper,,
20150910101439-32,57275.42686343,v,100,292.278316489549,-8.76513263573615,0287803974,Skymapper,,
20150910101639-31,57275.42825231,i,100,292.278272103259,-8.76515385473607,0287804487,Skymapper,,
20150910101840-31,57275.42965278,z,100,292.278227346572,-8.76517525080561,0287805000,Skymapper,,
20150910102040-31,57275.43104167,u,100,292.278182959963,-8.76519646995838,0287805513,Skymapper,,
20150910102240-31,57275.43243056,v,100,292.278138573353,-8.76521768911114,0287806026,Skymapper,,
20160419180956-30,57497.7569213,g,100,295.695708864738,-8.78381496911109,0287872147,Skymapper,,
20160419181157-30,57497.75832176,r,100,295.69569421826,-8.78380563271113,0287872660,Skymapper,,
2016.1.01489.T A001/X898/Xd0 A002/Xbaedce/X627c,57727.3750404571,Band-7,4103,290.351402226723,-10.3381736897777,Venus,ALMA,,
20170507183632-16,57880.77539352,i,100,293.11234710066,-9.47934449973777,0287808547,Skymapper,,
20170507183832-16,57880.77677083,z,100,293.112315078202,-9.47933983218721,0287809060,Skymapper,,
20170812122007-32,57977.51398148,v,100,289.13993724543,-9.93333551695887,0292782655,Skymapper,,
20170812122207-32,57977.51538194,g,100,289.139880876915,-9.93335103872389,0292783168,Skymapper,,
20170812122407-32,57977.51677083,r,100,289.139824974093,-9.93336643225472,0292783681,Skymapper,,
20170812122607-31,57977.51815972,u,100,289.13976907127,-9.93338182578554,0292784194,Skymapper,,
20170812122808-31,57977.51956019,v,100,289.139712702353,-9.93339734766136,0292784707,Skymapper,,
20170812123008-32,57977.52094907,i,100,289.139656799932,-9.93341274108139,0292785220,Skymapper,,
20170812123209-32,57977.52234954,z,100,289.139600431015,-9.93342826295721,0292785733,Skymapper,,
20170814123719-27,57979.52591435,g,100,289.059811876038,-9.95574843008473,0292787252,Skymapper,,
20170816120120-28,57981.50091435,g,100,288.982839797525,-9.97796867056805,0292788289,Skymapper,,
20170816120320-28,57981.50233796,r,100,288.98278498854,-9.97798476527003,0292788802,Skymapper,,
ztf_20180508456111_000386_zr_c08_o_q2_sciimg,58246.4562847111,zr,30,291.112865082723,-10.1548207330568,386,ZTF,CTIO,
ztf_20180508456563_000385_zr_c05_o_q1_sciimg,58246.4567477112,zr,30,291.112854375846,-10.154819395501,385,ZTF,CTIO,
ztf_20180508461319_000385_zg_c05_o_q1_sciimg,58246.4614930111,zg,30,291.112744640785,-10.1548056868568,385,ZTF,CTIO,
ztf_20180508480012_000386_zg_c08_o_q2_sciimg,58246.4801852112,zg,30,291.112312383658,-10.1547516871677,386,ZTF,CTIO,
ztf_20180511438912_000386_zr_c08_o_q2_sciimg,58249.4390856111,zr,30,291.04130945019,-10.1467755939059,386,ZTF,CTIO,
ztf_20180511479271_000385_zr_c05_o_q1_sciimg,58249.4794560112,zr,30,291.040303554387,-10.1466757893056,385,ZTF,CTIO,
ztf_20180518412708_000385_zr_c05_o_q1_sciimg,58256.4128819113,zr,30,290.853626961318,-10.1331095284034,385,ZTF,CTIO,
ztf_20180518456644_000385_zr_c05_o_q1_sciimg,58256.456817111,zr,30,290.85235467116,-10.1330472868705,385,ZTF,CTIO,
ztf_20180521417928_000385_zg_c05_o_q1_sciimg,58259.4181018113,zg,30,290.764355473846,-10.1295217927338,385,ZTF,CTIO,
ztf_20180521440926_000385_zr_c05_o_q1_sciimg,58259.441099511,zr,30,290.763653085768,-10.1295000726841,385,ZTF,CTIO,
ztf_20180524373947_000385_zr_c05_o_q1_sciimg,58262.374131911,zr,30,290.671913267856,-10.1273511043754,385,ZTF,CTIO,
ztf_20180524418183_000385_zg_c05_o_q1_sciimg,58262.4183565113,zg,30,290.670494395263,-10.1273302205364,385,ZTF,CTIO,
ztf_20180604402743_000385_zr_c05_o_q2_sciimg,58273.4029282113,zr,30,290.290183078831,-10.1315426304922,385,ZTF,CTIO,
ztf_20180607416620_000385_zg_c05_o_q2_sciimg,58276.4167940109,zg,30,290.176807629083,-10.1360743004638,385,ZTF,CTIO,
ztf_20180607439375_000385_zr_c05_o_q2_sciimg,58276.4395486112,zr,30,290.175937265622,-10.1361147530865,385,ZTF,CTIO,
ztf_20180610399062_000385_zr_c05_o_q2_sciimg,58279.399236111,zr,30,290.061213379634,-10.1419983024689,385,ZTF,CTIO,
ztf_20180613439444_000385_zr_c05_o_q2_sciimg,58282.439895811,zr,30,289.940215868956,-10.1495030497078,385,ZTF,CTIO,
ztf_20180616375532_000385_zr_c05_o_q2_sciimg,58285.3762153112,zr,30,289.820637469689,-10.1581462433552,385,ZTF,CTIO,
ztf_20180616418681_000385_zg_c05_o_q2_sciimg,58285.4193055113,zg,30,289.818863589785,-10.1582838926055,385,ZTF,CTIO,
ztf_20180619396424_000385_zg_c05_o_q2_sciimg,58288.3969792109,zg,30,289.69515162141,-10.1684833682177,385,ZTF,CTIO,
ztf_20180619439653_000385_zr_c05_o_q2_sciimg,58288.4401389109,zr,30,289.693342510652,-10.1686416204511,385,ZTF,CTIO,
ztf_20180625313403_000385_zr_c06_o_q1_sciimg,58294.3141088113,zr,30,289.443399302979,-10.1927729987184,385,ZTF,CTIO,
ztf_20180625356262_000385_zg_c06_o_q1_sciimg,58294.3571528113,zg,30,289.441541236979,-10.1929702837185,385,ZTF,CTIO,
ztf_20180702316065_000385_zg_c06_o_q1_sciimg,58301.3162384112,zg,30,289.138085509907,-10.2282934422403,385,ZTF,CTIO,
ztf_20180702355880_000385_zr_c06_o_q1_sciimg,58301.3560880111,zr,30,289.136332127511,-10.2285159358398,385,ZTF,CTIO,
ztf_20180705357766_000385_zr_c06_o_q1_sciimg,58304.357939811,zr,30,289.003926077522,-10.245897638866,385,ZTF,CTIO,
ztf_20180705422928_000385_zg_c06_o_q1_sciimg,58304.4231134113,zg,30,289.001044861276,-10.2462886804678,385,ZTF,CTIO,
ztf_20180708334572_000385_zg_c06_o_q1_sciimg,58307.3347569113,zg,30,288.87217305847,-10.2643517667617,385,ZTF,CTIO,
ztf_20180708356921_000385_zr_c06_o_q1_sciimg,58307.357106511,zr,30,288.87118315745,-10.2644957975153,385,ZTF,CTIO,
ztf_20180716313322_000385_zr_c06_o_q2_sciimg,58315.3135301112,zr,30,288.51956413595,-10.3195475705469,385,ZTF,CTIO,
ztf_20180716376690_000385_zg_c06_o_q2_sciimg,58315.3770833113,zg,30,288.516773091245,-10.3200189234477,385,ZTF,CTIO,
ztf_20180721272326_000385_zr_c06_o_q2_sciimg,58320.2725347113,zr,30,288.303034851456,-10.3577080554682,385,ZTF,CTIO,
ztf_20180721419444_000385_zg_c06_o_q2_sciimg,58320.4196759113,zg,30,288.296664863673,-10.3588851850682,385,ZTF,CTIO,
ztf_20180804316042_000385_zg_c06_o_q2_sciimg,58334.316261611,zg,30,287.715375890694,-10.4794152122134,385,ZTF,CTIO,
ztf_20180804336933_000385_zr_c06_o_q2_sciimg,58334.337118011,zr,30,287.714543372728,-10.4796092926023,385,ZTF,CTIO,
ztf_20180812312882_000385_zg_c07_o_q1_sciimg,58342.3130671112,zg,30,287.406557094626,-10.5559118265935,385,ZTF,CTIO,
ztf_20180812318738_000385_zr_c07_o_q1_sciimg,58342.3189236112,zr,30,287.406339916085,-10.5559694155101,385,ZTF,CTIO,
ztf_20180815317060_000385_zr_c07_o_q1_sciimg,58345.3172454112,zr,30,287.29690847655,-10.585672454112,385,ZTF,CTIO,
ztf_20180818211759_000385_zr_c07_o_q1_sciimg,58348.2119444111,zr,30,287.194988415501,-10.6147818823789,385,ZTF,CTIO,
ztf_20180818337419_000385_zg_c07_o_q1_sciimg,58348.3375926111,zg,30,287.190658787943,-10.61605232529,385,ZTF,CTIO,
ztf_20180824250509_000385_zr_c07_o_q1_sciimg,58354.250891211,zr,30,286.995013593521,-10.6765092091803,385,ZTF,CTIO,
ztf_20180827208866_000385_zr_c07_o_q1_sciimg,58357.2090741112,zr,30,286.903694821418,-10.707144269933,385,ZTF,CTIO,
ztf_20180827293507_000385_zr_c07_o_q1_sciimg,58357.293692111,zr,30,286.901159807174,-10.7080233569309,385,ZTF,CTIO,
ztf_20180830133229_000385_zg_c07_o_q1_sciimg,58360.1335301111,zg,30,286.817966646852,-10.7375613144938,385,ZTF,CTIO,
ztf_20180830230752_000385_zr_c07_o_q1_sciimg,58360.2309375112,zr,30,286.815206770516,-10.7385786806726,385,ZTF,CTIO,
ztf_20180902188044_000385_zg_c07_o_q1_sciimg,58363.1882870109,zg,30,286.733445191668,-10.7694387754471,385,ZTF,CTIO,
ztf_20180902229954_000385_zr_c07_o_q1_sciimg,58363.2302778112,zr,30,286.73232718661,-10.7698773460281,385,ZTF,CTIO,
ztf_20180905128368_000385_zr_c07_o_q2_sciimg,58366.128761611,zr,30,286.657125023192,-10.8001503990482,385,ZTF,CTIO,
ztf_20180905189306_000385_zg_c07_o_q2_sciimg,58366.189699111,zg,30,286.655606663817,-10.8007868573816,385,ZTF,CTIO,
ztf_20180908167512_000385_zr_c07_o_q3_sciimg,58369.1676967111,zr,30,286.583587334252,-10.8318532936097,385,ZTF,CTIO,
ztf_20180908250833_000385_zg_c07_o_q3_sciimg,58369.2510185111,zg,30,286.581663989369,-10.832718914532,385,ZTF,CTIO,
ztf_20180911169340_000385_zr_c07_o_q3_sciimg,58372.169513911,zr,30,286.516488225804,-10.8630341302446,385,ZTF,CTIO,
ztf_20180911230255_000385_zg_c07_o_q3_sciimg,58372.230439811,zg,30,286.515196089008,-10.863665390264,385,ZTF,CTIO,
ztf_20180916146586_000385_zr_c07_o_q3_sciimg,58377.1468634112,zr,30,286.417683672623,-10.9143068259812,385,ZTF,CTIO,
ztf_20180916210521_000385_zg_c07_o_q3_sciimg,58377.210717611,zg,30,286.416531636435,-10.9149595578014,385,ZTF,CTIO,
ztf_20180925167523_000385_zg_c07_o_q3_sciimg,58386.1679745112,zg,30,286.279331310114,-11.0048415278459,385,ZTF,CTIO,
ztf_20180925209225_000385_zr_c07_o_q3_sciimg,58386.2095370111,zr,30,286.278825633032,-11.0052490712477,385,ZTF,CTIO,
ztf_20180928169155_000385_zg_c07_o_q3_sciimg,58389.1693981113,zg,30,286.245152785868,-11.0340447707364,385,ZTF,CTIO,
ztf_20180928211088_000385_zr_c07_o_q3_sciimg,58389.211261611,zr,30,286.244727173621,-11.0344471254836,385,ZTF,CTIO,
NEOS_SCI_2019001123835_clean,58484.5273734844,CLEAR,100,287.796788893261,-11.438061888911,Survey__287.4_-11.9_333.6,NEOSSat,https://ws.cadc-ccda.hia-iha.nrc-cnrc.gc.ca/data/pub/NEOSSAT/NEOS_SCI_2019001123835_clean.fits,
NEOS_SCI_2019001124041_clean,58484.5288398848,CLEAR,100,287.796836734576,-11.4380585080433,Survey__287.4_-11.9_333.6,NEOSSat,https://ws.cadc-ccda.hia-iha.nrc-cnrc.gc.ca/data/pub/NEOSSAT/NEOS_SCI_2019001124041_clean.fits,
NEOS_SCI_2019001124247_clean,58484.5303007419,CLEAR,100,287.796884395037,-11.4380551399562,Survey__287.4_-11.9_333.6,NEOSSat,https://ws.cadc-ccda.hia-iha.nrc-cnrc.gc.ca/data/pub/NEOSSAT/NEOS_SCI_2019001124247_clean.fits,
NEOS_SCI_2019001124453_clean,58484.5317557066,CLEAR,100,287.796931863261,-11.4380517854542,Survey__287.4_-11.9_333.6,NEOSSat,https://ws.cadc-ccda.hia-iha.nrc-cnrc.gc.ca/data/pub/NEOSSAT/NEOS_SCI_2019001124453_clean.fits,
NEOS_SCI_2019001124659_clean,58484.5332152459,CLEAR,100,287.796979480732,-11.4380484204052,Survey__287.4_-11.9_333.6,NEOSSat,https://ws.cadc-ccda.hia-iha.nrc-cnrc.gc.ca/data/pub/NEOSSAT/NEOS_SCI_2019001124659_clean.fits,
NEOS_SCI_2019001124905_clean,58484.5346736481,CLEAR,100,287.797027061104,-11.4380450579779,Survey__287.4_-11.9_333.6,NEOSSat,https://ws.cadc-ccda.hia-iha.nrc-cnrc.gc.ca/data/pub/NEOSSAT/NEOS_SCI_2019001124905_clean.fits,
NEOS_SCI_2019001125111_clean,58484.5361323501,CLEAR,100,287.797074651255,-11.4380416948595,Survey__287.4_-11.9_333.6,NEOSSat,https://ws.cadc-ccda.hia-iha.nrc-cnrc.gc.ca/data/pub/NEOSSAT/NEOS_SCI_2019001125111_clean.fits,
NEOS_SCI_2019001125317_clean,58484.5375893987,CLEAR,100,287.797122187467,-11.4380383355529,Survey__287.4_-11.9_333.6,NEOSSat,https://ws.cadc-ccda.hia-iha.nrc-cnrc.gc.ca/data/pub/NEOSSAT/NEOS_SCI_2019001125317_clean.fits,
NEOS_SCI_2019001141902_clean,58484.5971304155,CLEAR,100,287.799064713139,-11.4379010604309,Survey__287.5_-11.6_333.6,NEOSSat,https://ws.cadc-ccda.hia-iha.nrc-cnrc.gc.ca/data/pub/NEOSSAT/NEOS_SCI_2019001141902_clean.fits,
NEOS_SCI_2019001142108_clean,58484.5985969086,CLEAR,100,287.799112557475,-11.4378976793497,Survey__287.5_-11.6_333.6,NEOSSat,https://ws.cadc-ccda.hia-iha.nrc-cnrc.gc.ca/data/pub/NEOSSAT/NEOS_SCI_2019001142108_clean.fits,
NEOS_SCI_2019001142314_clean,58484.6000556262,CLEAR,100,287.799160148136,-11.4378943161952,Survey__287.5_-11.6_333.6,NEOSSat,https://ws.cadc-ccda.hia-iha.nrc-cnrc.gc.ca/data/pub/NEOSSAT/NEOS_SCI_2019001142314_clean.fits,
NEOS_SCI_2019001142520_clean,58484.6015140301,CLEAR,100,287.799207728565,-11.437890953764,Survey__287.5_-11.6_333.6,NEOSSat,https://ws.cadc-ccda.hia-iha.nrc-cnrc.gc.ca/data/pub/NEOSSAT/NEOS_SCI_2019001142520_clean.fits,
NEOS_SCI_2019001142726_clean,58484.6029722587,CLEAR,100,287.799255303273,-11.4378875917369,Survey__287.5_-11.6_333.6,NEOSSat,https://ws.cadc-ccda.hia-iha.nrc-cnrc.gc.ca/data/pub/NEOSSAT/NEOS_SCI_2019001142726_clean.fits,
NEOS_SCI_2019001142932_clean,58484.604430349,CLEAR,100,287.799302873468,-11.4378842300288,Survey__287.5_-11.6_333.6,NEOSSat,https://ws.cadc-ccda.hia-iha.nrc-cnrc.gc.ca/data/pub/NEOSSAT/NEOS_SCI_2019001142932_clean.fits,
NEOS_SCI_2019001143138_clean,58484.6058907656,CLEAR,100,287.799350519562,-11.437880862957,Survey__287.5_-11.6_333.6,NEOSSat,https://ws.cadc-ccda.hia-iha.nrc-cnrc.gc.ca/data/pub/NEOSSAT/NEOS_SCI_2019001143138_clean.fits,
NEOS_SCI_2019001143344_clean,58484.6073454537,CLEAR,100,287.79939797876,-11.4378775090928,Survey__287.5_-11.6_333.6,NEOSSat,https://ws.cadc-ccda.hia-iha.nrc-cnrc.gc.ca/data/pub/NEOSSAT/NEOS_SCI_2019001143344_clean.fits,
NEOS_SCI_2019001155928_clean,58484.666875765,CLEAR,100,287.801340155168,-11.4377402586528,Survey__287.6_-11.3_333.6,NEOSSat,https://ws.cadc-ccda.hia-iha.nrc-cnrc.gc.ca/data/pub/NEOSSAT/NEOS_SCI_2019001155928_clean.fits,
NEOS_SCI_2019001160134_clean,58484.6683429068,CLEAR,100,287.801388020668,-11.4377368760759,Survey__287.6_-11.3_333.6,NEOSSat,https://ws.cadc-ccda.hia-iha.nrc-cnrc.gc.ca/data/pub/NEOSSAT/NEOS_SCI_2019001160134_clean.fits,
NEOS_SCI_2019001160340_clean,58484.6698013316,CLEAR,100,287.801435601776,-11.4377335135966,Survey__287.6_-11.3_333.6,NEOSSat,https://ws.cadc-ccda.hia-iha.nrc-cnrc.gc.ca/data/pub/NEOSSAT/NEOS_SCI_2019001160340_clean.fits,
NEOS_SCI_2019001160546_clean,58484.671259121,CLEAR,100,287.801483162154,-11.4377301525822,Survey__287.6_-11.3_333.6,NEOSSat,https://ws.cadc-ccda.hia-iha.nrc-cnrc.gc.ca/data/pub/NEOSSAT/NEOS_SCI_2019001160546_clean.fits,
NEOS_SCI_2019001160752_clean,58484.6727174305,CLEAR,100,287.801530739505,-11.4377267903684,Survey__287.6_-11.3_333.6,NEOSSat,https://ws.cadc-ccda.hia-iha.nrc-cnrc.gc.ca/data/pub/NEOSSAT/NEOS_SCI_2019001160752_clean.fits,
NEOS_SCI_2019001160958_clean,58484.674176864,CLEAR,100,287.801578353521,-11.4377234255635,Survey__287.6_-11.3_333.6,NEOSSat,https://ws.cadc-ccda.hia-iha.nrc-cnrc.gc.ca/data/pub/NEOSSAT/NEOS_SCI_2019001160958_clean.fits,
NEOS_SCI_2019001161204_clean,58484.6756334844,CLEAR,100,287.80162587576,-11.4377200672444,Survey__287.6_-11.3_333.6,NEOSSat,https://ws.cadc-ccda.hia-iha.nrc-cnrc.gc.ca/data/pub/NEOSSAT/NEOS_SCI_2019001161204_clean.fits,
NEOS_SCI_2019001161410_clean,58484.6770917135,CLEAR,100,287.801673450487,-11.437716705216,Survey__287.6_-11.3_333.6,NEOSSat,https://ws.cadc-ccda.hia-iha.nrc-cnrc.gc.ca/data/pub/NEOSSAT/NEOS_SCI_2019001161410_clean.fits,
NEOS_SCI_2019001173956_clean,58484.736644283,CLEAR,100,287.803616353065,-11.4375794034587,Survey__288.1_-11.6_334.0,NEOSSat,https://ws.cadc-ccda.hia-iha.nrc-cnrc.gc.ca/data/pub/NEOSSAT/NEOS_SCI_2019001173956_clean.fits,
NEOS_SCI_2019001174202_clean,58484.738110754,CLEAR,100,287.803664196684,-11.4375760224282,Survey__288.1_-11.6_334.0,NEOSSat,https://ws.cadc-ccda.hia-iha.nrc-cnrc.gc.ca/data/pub/NEOSSAT/NEOS_SCI_2019001174202_clean.fits,
NEOS_SCI_2019001174408_clean,58484.7395695272,CLEAR,100,287.803711789158,-11.4375726591456,Survey__288.1_-11.6_334.0,NEOSSat,https://ws.cadc-ccda.hia-iha.nrc-cnrc.gc.ca/data/pub/NEOSSAT/NEOS_SCI_2019001174408_clean.fits,
NEOS_SCI_2019001174614_clean,58484.7410280116,CLEAR,100,287.803759372211,-11.4375692965289,Survey__288.1_-11.6_334.0,NEOSSat,https://ws.cadc-ccda.hia-iha.nrc-cnrc.gc.ca/data/pub/NEOSSAT/NEOS_SCI_2019001174614_clean.fits,
NEOS_SCI_2019001174820_clean,58484.7424862054,CLEAR,100,287.803806945785,-11.4375659345819,Survey__288.1_-11.6_334.0,NEOSSat,https://ws.cadc-ccda.hia-iha.nrc-cnrc.gc.ca/data/pub/NEOSSAT/NEOS_SCI_2019001174820_clean.fits,
NEOS_SCI_2019001175026_clean,58484.7439444091,CLEAR,100,287.803854519681,-11.4375625726122,Survey__288.1_-11.6_334.0,NEOSSat,https://ws.cadc-ccda.hia-iha.nrc-cnrc.gc.ca/data/pub/NEOSSAT/NEOS_SCI_2019001175026_clean.fits,
NEOS_SCI_2019001175232_clean,58484.7454018652,CLEAR,100,287.803902069184,-11.4375592123664,Survey__288.1_-11.6_334.0,NEOSSat,https://ws.cadc-ccda.hia-iha.nrc-cnrc.gc.ca/data/pub/NEOSSAT/NEOS_SCI_2019001175232_clean.fits,
NEOS_SCI_2019001175438_clean,58484.7468602569,CLEAR,100,287.803949649216,-11.4375558499632,Survey__288.1_-11.6_334.0,NEOSSat,https://ws.cadc-ccda.hia-iha.nrc-cnrc.gc.ca/data/pub/NEOSSAT/NEOS_SCI_2019001175438_clean.fits,
ztf_20190409440093_000385_zr_c05_o_q3_sciimg,58582.4402662111,zr,30,289.75251880205,-10.8677029211253,385,ZTF,CTIO,
ztf_20190415417685_000385_zr_c05_o_q3_sciimg,58588.4178588111,zr,30,289.714434509908,-10.8349127889534,385,ZTF,CTIO,
ztf_20190419459062_000385_zg_c05_o_q3_sciimg,58592.4593518111,zg,30,289.675837882387,-10.8145853551353,385,ZTF,CTIO,
ztf_20190503479664_000385_zg_c06_o_q1_sciimg,58606.4799074112,zg,30,289.46295346829,-10.7572325257078,385,ZTF,CTIO,
ztf_20190514438438_000385_zg_c06_o_q1_sciimg,58617.4388426109,zg,30,289.215028039654,-10.7288499318075,385,ZTF,CTIO,
ztf_20190531335532_000385_zr_c06_o_q1_sciimg,58634.335717611,zr,30,288.710877863962,-10.7170382954058,385,ZTF,CTIO,
ztf_20190531445127_000385_zg_c06_o_q1_sciimg,58634.4453009111,zg,30,288.707179427583,-10.7170961310364,385,ZTF,CTIO,
ztf_20190606481018_000385_zr_c06_o_q2_sciimg,58640.4812037111,zr,30,288.496593333067,-10.7228350051543,385,ZTF,CTIO,
ztf_20190609276586_000385_zr_c06_o_q2_sciimg,58643.276759211,zr,30,288.394634909193,-10.7272851696646,385,ZTF,CTIO,
ztf_20190609422442_000385_zg_c06_o_q2_sciimg,58643.4226505109,zg,30,288.389236931097,-10.7275526370478,385,ZTF,CTIO,
ztf_20190612311505_000385_zr_c06_o_q2_sciimg,58646.3116782112,zr,30,288.281153521084,-10.7333957204196,385,ZTF,CTIO,
ztf_20190615294595_000385_zr_c06_o_q2_sciimg,58649.2947685113,zr,30,288.167048335541,-10.7406831262666,385,ZTF,CTIO,
ztf_20190615376771_000385_zg_c06_o_q2_sciimg,58649.3769444111,zg,30,288.16386744342,-10.7409045446632,385,ZTF,CTIO,
ztf_20190620314363_000385_zg_c06_o_q2_sciimg,58654.3145370111,zg,30,287.970095942391,-10.7557794160651,385,ZTF,CTIO,
ztf_20190620377639_000385_zr_c06_o_q2_sciimg,58654.3778125113,zr,30,287.9675754683,-10.7559920920519,385,ZTF,CTIO,
ztf_20190623482014_000385_zg_c06_o_q2_sciimg,58657.4822338112,zg,30,287.84307147654,-10.7670995499535,385,ZTF,CTIO,
ztf_20190702481910_000385_zg_c07_o_q1_sciimg,58666.4820949109,zg,30,287.474179815152,-10.8066193052514,385,ZTF,CTIO,
ztf_20190705279491_000385_zg_c07_o_q4_sciimg,58669.2798958109,zg,30,287.358039328189,-10.8210561080974,385,ZTF,CTIO,
ztf_20190705400637_000385_zr_c07_o_q4_sciimg,58669.400810211,zr,30,287.353016342485,-10.8217043436312,385,ZTF,CTIO,
ztf_20190709335012_000385_zg_c07_o_q4_sciimg,58673.3352315109,zg,30,287.189434956339,-10.8436777393691,385,ZTF,CTIO,
ztf_20190712288403_000385_zr_c07_o_q4_sciimg,58676.2885764111,zr,30,287.066827769623,-10.8613906656462,385,ZTF,CTIO,
ztf_20190712314954_000385_zg_c07_o_q4_sciimg,58676.3151273113,zg,30,287.065727013552,-10.8615543961975,385,ZTF,CTIO,
ztf_20190718272211_000385_zr_c07_o_q4_sciimg,58682.272384211,zr,30,286.820241295375,-10.9002224032196,385,ZTF,CTIO,
ztf_20190724313148_000385_zg_c07_o_q3_sciimg,58688.3139467109,zg,30,286.57571829379,-10.9431895492169,385,ZTF,CTIO,
ztf_20190724356609_000385_zr_c07_o_q3_sciimg,58688.3567824112,zr,30,286.574008435419,-10.9435072473275,385,ZTF,CTIO,
ztf_20190728317118_000385_zr_c07_o_q3_sciimg,58692.3173727109,zr,30,286.417346016549,-10.9735240099737,385,ZTF,CTIO,
ztf_20190731382106_000385_zg_c07_o_q3_sciimg,58695.382407411,zg,30,286.298632715912,-10.9976809928272,385,ZTF,CTIO,
ztf_20190804332523_000385_zr_c07_o_q3_sciimg,58699.3327083113,zr,30,286.149398203943,-11.0299114581498,385,ZTF,CTIO,
ztf_20190809325718_000385_zg_c07_o_q3_sciimg,58704.326053211,zg,30,285.967868948777,-11.072196569317,385,ZTF,CTIO,
ztf_20190818231910_000385_zr_c08_o_q4_sciimg,58713.2320833113,zr,30,285.667246684728,-11.1510247567443,385,ZTF,CTIO,
ztf_20190821262188_000385_zg_c08_o_q4_sciimg,58716.262419011,zg,30,285.572590487623,-11.178627729823,385,ZTF,CTIO,
ztf_20190827242882_000385_zg_c08_o_q4_sciimg,58722.2430555113,zg,30,285.398389179459,-11.2339006554524,385,ZTF,CTIO,
ztf_20190827304884_000385_zr_c08_o_q4_sciimg,58722.3050926109,zr,30,285.396680574341,-11.2344779451292,385,ZTF,CTIO,
ztf_20190830167975_000385_zg_c08_o_q4_sciimg,58725.1681713113,zg,30,285.319717886377,-11.2612131592197,385,ZTF,CTIO,
ztf_20190830231586_000385_zr_c08_o_q4_sciimg,58725.2317940113,zr,30,285.318066347123,-11.2618087383836,385,ZTF,CTIO,
ztf_20190907249896_000385_zr_c08_o_q4_sciimg,58733.2500926112,zr,30,285.126414675526,-11.3369244780548,385,ZTF,CTIO,
ztf_20190907300417_000385_zg_c08_o_q4_sciimg,58733.3006250113,zg,30,285.125328228924,-11.3373975174669,385,ZTF,CTIO,
ztf_20190911147326_000385_zg_c08_o_q4_sciimg,58737.1475231112,zg,30,285.046416326906,-11.3733172289514,385,ZTF,CTIO,
ztf_20190914118623_000385_zg_c08_o_q4_sciimg,58740.1188773112,zg,30,284.991429553497,-11.4009018685367,385,ZTF,CTIO,
ztf_20190914252616_000385_zr_c08_o_q4_sciimg,58740.2527893111,zr,30,284.989097252832,-11.4021368347579,385,ZTF,CTIO,
ztf_20190917115625_000385_zg_c08_o_q4_sciimg,58743.1158796111,zg,30,284.941282371044,-11.428475677557,385,ZTF,CTIO,
ztf_20190920135382_000385_zg_c08_o_q4_sciimg,58746.135567111,zg,30,284.89630826752,-11.4560016475299,385,ZTF,CTIO,
ztf_20190923207963_000385_zg_c08_o_q4_sciimg,58749.2081366112,zg,30,284.856320044409,-11.483633662561,385,ZTF,CTIO,
ztf_20191004127350_000385_zg_c08_o_q3_sciimg,58760.127557911,zg,30,284.762206173604,-11.5780872170942,385,ZTF,CTIO,
ztf_20191008189988_000385_zg_c08_o_q3_sciimg,58764.190162011,zg,30,284.746465031891,-11.6113268516436,385,ZTF,CTIO,
ztf_20191013191586_000385_zg_c08_o_q3_sciimg,58769.1917708111,zg,30,284.741260837658,-11.6505151445067,385,ZTF,CTIO,
cpt1m012-fa06-20200620-0149-e91 31143406,59020.8668892535,U,200,286.405599875034,-11.271530322122,sn2020lmd,LCO/cpt_1m0a_fa06,https://archive-api.lco.global/frames/31143406/,
cpt1m012-fa06-20200620-0150-e91 31143799,59020.8692208797,B,120,286.405511273238,-11.2715375760701,sn2020lmd,LCO/cpt_1m0a_fa06,https://archive-api.lco.global/frames/31143799/,
cpt1m012-fa06-20200620-0151-e91 31144210,59020.8709087095,V,90,286.405447135706,-11.2715428270962,sn2020lmd,LCO/cpt_1m0a_fa06,https://archive-api.lco.global/frames/31144210/,
cpt1m012-fa06-20200620-0152-e91 31144368,59020.8722577951,V,90,286.405395870453,-11.2715470242514,sn2020lmd,LCO/cpt_1m0a_fa06,https://archive-api.lco.global/frames/31144368/,
cpt1m012-fa06-20200620-0153-e91 31144727,59020.8739547685,gp,120,286.405331385464,-11.2715523037242,sn2020lmd,LCO/cpt_1m0a_fa06,https://archive-api.lco.global/frames/31144727/,
cpt1m012-fa06-20200620-0154-e91 31145068,59020.8756356713,rp,90,286.405267511158,-11.2715575331996,sn2020lmd,LCO/cpt_1m0a_fa06,https://archive-api.lco.global/frames/31145068/,
cpt1m012-fa06-20200620-0155-e91 31145383,59020.8771560127,ip,90,286.405209738184,-11.2715622631506,sn2020lmd,LCO/cpt_1m0a_fa06,https://archive-api.lco.global/frames/31145383/,
cpt1m010-fa16-20200623-0122-e91 31553079,59023.8824271528,U,200,286.290183423547,-11.2816718283681,sn2020lmd,LCO/cpt_1m0a_fa16,https://archive-api.lco.global/frames/31553079/,
cpt1m010-fa16-20200623-0123-e91 31553133,59023.8847533276,B,120,286.290094059665,-11.2816799699799,sn2020lmd,LCO/cpt_1m0a_fa16,https://archive-api.lco.global/frames/31553133/,
cpt1m010-fa16-20200623-0124-e91 31553168,59023.8864518345,V,90,286.290028808692,-11.281685914754,sn2020lmd,LCO/cpt_1m0a_fa16,https://archive-api.lco.global/frames/31553168/,
cpt1m010-fa16-20200623-0125-e91 31553195,59023.8878013599,V,90,286.289976964424,-11.281690638093,sn2020lmd,LCO/cpt_1m0a_fa16,https://archive-api.lco.global/frames/31553195/,
cpt1m010-fa16-20200623-0126-e91 31553252,59023.8895096817,gp,120,286.289911336395,-11.2816966172192,sn2020lmd,LCO/cpt_1m0a_fa16,https://archive-api.lco.global/frames/31553252/,
cpt1m010-fa16-20200623-0127-e91 31553310,59023.8912073843,rp,90,286.28984611632,-11.2817025591784,sn2020lmd,LCO/cpt_1m0a_fa16,https://archive-api.lco.global/frames/31553310/,
cpt1m010-fa16-20200623-0128-e91 31553357,59023.8927313136,ip,90,286.289787572036,-11.2817078929309,sn2020lmd,LCO/cpt_1m0a_fa16,https://archive-api.lco.global/frames/31553357/,
coj1m011-fa12-20200629-0201-e91 32375459,59029.650273993,U,200,286.06640388619,-11.3041344901927,sn2020lmd,LCO/coj_1m0a_fa12,https://archive-api.lco.global/frames/32375459/,
coj1m011-fa12-20200629-0202-e91 32375509,59029.6526036806,B,120,286.066312931303,-11.3041443266514,sn2020lmd,LCO/coj_1m0a_fa12,https://archive-api.lco.global/frames/32375509/,
coj1m011-fa12-20200629-0203-e91 32375546,59029.6543062269,V,90,286.066246461058,-11.3041515151802,sn2020lmd,LCO/coj_1m0a_fa12,https://archive-api.lco.global/frames/32375546/,
coj1m011-fa12-20200629-0204-e91 32375574,59029.6559966088,gp,120,286.066180465731,-11.3041586523483,sn2020lmd,LCO/coj_1m0a_fa12,https://archive-api.lco.global/frames/32375574/,
coj1m011-fa12-20200629-0205-e91 32375598,59029.6576852431,rp,90,286.066114538634,-11.3041657821375,sn2020lmd,LCO/coj_1m0a_fa12,https://archive-api.lco.global/frames/32375598/,
coj1m011-fa12-20200629-0206-e91 32375627,59029.6592184722,ip,90,286.066054678815,-11.3041722557715,sn2020lmd,LCO/coj_1m0a_fa12,https://archive-api.lco.global/frames/32375627/,
elp1m006-fa07-20201002-0101-e91 34685667,59125.134864618,rp,14,283.473257827554,-12.0082967548916,"TPT(2.189,-11.926)",LCO/elp_1m0a_fa07,https://archive-api.lco.global/frames/34685667/,
c4d_170826_021424_opi_VR_v1.fits.fz 399a2d29874d29d68de074471d2cf9a7,57991.094206596,VR,150,288.635893596251,-10.0884046325089,ks1001,CTIO-4m/DECam,https://astroarchive.noirlab.edu/api/retrieve/399a2d29874d29d68de074471d2cf9a7,
c4d_170826_021721_opi_VR_v1.fits.fz 2c295eb57c481a35a2a2e2a897577159,57991.0962596144,VR,150,288.635824991219,-10.0884285843903,ks1001,CTIO-4m/DECam,https://astroarchive.noirlab.edu/api/retrieve/2c295eb57c481a35a2a2e2a897577159,
c4d_190603_045944_opi_g_v1.fits.fz 44254b261e6553f67be9f2884b113881,58637.2086734972,g,90,288.612505483723,-10.7190639881223,DELVE field: 1450-01-g,CTIO-4m/DECam,https://astroarchive.noirlab.edu/api/retrieve/44254b261e6553f67be9f2884b113881,
